HS_ID,Skupina,Podskupina,Kategorie,Included,CZ_Nazev,ENG_Nazev,Barva Skupina,Barva Kategorie
41010,Adaptace na dlouhodobé změny a živelné pohromy,Nové zdroje potravin,Nové zdroje bílkovin,IN,"Hmyz, způsobilý k lidskému požívání",Insects,#205CF7,#002651
210610,Adaptace na dlouhodobé změny a živelné pohromy,Nové zdroje potravin,Nové zdroje bílkovin,IN,Koncentráty a látky texturované bílkovinné,Protein concentrates and textured protein substances,#205CF7,#002651
252390,"Výroba surovin, komponent a zařízení pro nízkouhlíkové technologie",Výroba surovin a materiálů pro nízkouhlíkové technologie,Šetrnější alternativy - stavební hmoty,IN,"Cement struskový,supersulfátový ap hydraulic.",Hydraulic cements except portland or aluminous,#99E9F4,#8093A8
260200,"Výroba surovin, komponent a zařízení pro nízkouhlíkové technologie",Výroba surovin a materiálů pro nízkouhlíkové technologie,Rudy / vzácné kovy / kyanidy / Anorganická chemie,IN,"Rudy manganové,manganoželezné,koncentráty","Manganese ores, concentrates, iron ores >20% Manganes",#99E9F4,#D2F2E9
260300,"Výroba surovin, komponent a zařízení pro nízkouhlíkové technologie",Výroba surovin a materiálů pro nízkouhlíkové technologie,Rudy / vzácné kovy / kyanidy / Anorganická chemie,IN,"Rudy měděné,koncentráty",Copper ores and concentrates,#99E9F4,#D2F2E9
260400,"Výroba surovin, komponent a zařízení pro nízkouhlíkové technologie",Výroba surovin a materiálů pro nízkouhlíkové technologie,Rudy / vzácné kovy / kyanidy / Anorganická chemie,IN,"Rudy niklové,koncentráty",Nickel ores and concentrates,#99E9F4,#D2F2E9
260500,"Výroba surovin, komponent a zařízení pro nízkouhlíkové technologie",Výroba surovin a materiálů pro nízkouhlíkové technologie,Rudy / vzácné kovy / kyanidy / Anorganická chemie,IN,"Rudy kobaltové,koncentráty",Cobalt ores and concentrates,#99E9F4,#D2F2E9
260600,"Výroba surovin, komponent a zařízení pro nízkouhlíkové technologie",Výroba surovin a materiálů pro nízkouhlíkové technologie,Rudy / vzácné kovy / kyanidy / Anorganická chemie,IN,"Rudy hliníkové,koncentráty",Aluminium ores and concentrates,#99E9F4,#D2F2E9
260700,"Výroba surovin, komponent a zařízení pro nízkouhlíkové technologie",Výroba surovin a materiálů pro nízkouhlíkové technologie,Rudy / vzácné kovy / kyanidy / Anorganická chemie,IN,"Rudy olovnaté,koncentráty",Lead ores and concentrates,#99E9F4,#D2F2E9
261210,Výroba nízkoemisní elektřiny a paliv,Jádro,Uran / jaderné technologie,IN,"Rudy uranové,koncentráty",Uranium ores and concentrates,#33D3E9,#FFE0A6
261400,"Výroba surovin, komponent a zařízení pro nízkouhlíkové technologie",Výroba surovin a materiálů pro nízkouhlíkové technologie,Rudy / vzácné kovy / kyanidy / Anorganická chemie,IN,"Rudy titanové,koncentráty",Titanium ores and concentrates,#99E9F4,#D2F2E9
261690,"Výroba surovin, komponent a zařízení pro nízkouhlíkové technologie",Výroba surovin a materiálů pro nízkouhlíkové technologie,Rudy / vzácné kovy / kyanidy / Anorganická chemie,IN,"Rudy drahých kovů(ne stříbrné),koncentráty",Precious metal ores and concentrates except silver,#99E9F4,#D2F2E9
280410,Ukládání energie,Vodik a čpavek,"Ostatní elektrické stroje, např. k výrobě vodíku / Vodík",IN,Vodík,Hydrogen,#FF976A,#FF7676
280461,Výroba nízkoemisní elektřiny a paliv,Solární,Křemík / FVE,IN,"Křemík,obsahující nad 99,99% křemíku","Silicon, >99.99% pure",#33D3E9,#A379FD
280469,Výroba nízkoemisní elektřiny a paliv,Solární,Křemík / FVE,IN,"Křemík,obsahující do 99,99% křemíku","Silicon, <99.99% pure",#33D3E9,#A379FD
280519,Ukládání energie,Baterie,Lithium / baterie,IN,"Lithium,draslík,rubidium,césium",Alkali metals other than sodium,#FF976A,#670000
280530,"Výroba surovin, komponent a zařízení pro nízkouhlíkové technologie",Výroba surovin a materiálů pro nízkouhlíkové technologie,Rudy / vzácné kovy / kyanidy / Anorganická chemie,IN,"Kovy vzácných zemin,skandium,yttrium,i smíš.","Rare-earth metals, scandium and yttrium",#99E9F4,#D2F2E9
281112,"Výroba surovin, komponent a zařízení pro nízkouhlíkové technologie",Výroba surovin a materiálů pro nízkouhlíkové technologie,Rudy / vzácné kovy / kyanidy / Anorganická chemie,IN,"Hydrogen cyanide ""hydrocyanic acid""",Hydrogen cyanide (hydrocyanic acid),#99E9F4,#D2F2E9
282010,"Výroba surovin, komponent a zařízení pro nízkouhlíkové technologie",Výroba surovin a materiálů pro nízkouhlíkové technologie,Rudy / vzácné kovy / kyanidy / Anorganická chemie,IN,Oxid manganičitý,Manganese dioxide,#99E9F4,#D2F2E9
282090,"Výroba surovin, komponent a zařízení pro nízkouhlíkové technologie",Výroba surovin a materiálů pro nízkouhlíkové technologie,Rudy / vzácné kovy / kyanidy / Anorganická chemie,IN,Oxidy manganu ostatní(ne manganičitý),Manganese oxides other than manganese dioxide,#99E9F4,#D2F2E9
282200,"Výroba surovin, komponent a zařízení pro nízkouhlíkové technologie",Výroba surovin a materiálů pro nízkouhlíkové technologie,Rudy / vzácné kovy / kyanidy / Anorganická chemie,IN,"Oxidy,hydroxidy kobaltu,oxid kobaltu komerční",Cobalt oxides and hydroxides,#99E9F4,#D2F2E9
282410,"Výroba surovin, komponent a zařízení pro nízkouhlíkové technologie",Výroba surovin a materiálů pro nízkouhlíkové technologie,Rudy / vzácné kovy / kyanidy / Anorganická chemie,IN,"Oxid olovnatý(klejt,masikot)","Lead monoxide (litharge, massicot)",#99E9F4,#D2F2E9
282520,Ukládání energie,Baterie,Lithium / baterie,IN,"Oxid,hydroxid lithný",Lithium oxide and hydroxide,#FF976A,#670000
282540,"Výroba surovin, komponent a zařízení pro nízkouhlíkové technologie",Výroba surovin a materiálů pro nízkouhlíkové technologie,Rudy / vzácné kovy / kyanidy / Anorganická chemie,IN,"Oxidy,hydroxidy niklu",Nickel oxides and hydroxides,#99E9F4,#D2F2E9
282550,"Výroba surovin, komponent a zařízení pro nízkouhlíkové technologie",Výroba surovin a materiálů pro nízkouhlíkové technologie,Rudy / vzácné kovy / kyanidy / Anorganická chemie,IN,"Oxidy,hydroxidy mědi",Copper oxides and hydroxides,#99E9F4,#D2F2E9
282690,"Výroba surovin, komponent a zařízení pro nízkouhlíkové technologie",Výroba surovin a materiálů pro nízkouhlíkové technologie,Rudy / vzácné kovy / kyanidy / Anorganická chemie,IN,Soli fluóru komplexní ostatní,Complex fluorine salts except synthetic cryolite,#99E9F4,#D2F2E9
282739,"Výroba surovin, komponent a zařízení pro nízkouhlíkové technologie",Výroba surovin a materiálů pro nízkouhlíkové technologie,Rudy / vzácné kovy / kyanidy / Anorganická chemie,IN,Chloridy ostatní,Chlorides of metals nes,#99E9F4,#D2F2E9
283691,Ukládání energie,Baterie,Lithium / baterie,IN,Uhličitany lithia,Lithium carbonates,#FF976A,#670000
283711,"Výroba surovin, komponent a zařízení pro nízkouhlíkové technologie",Výroba surovin a materiálů pro nízkouhlíkové technologie,Rudy / vzácné kovy / kyanidy / Anorganická chemie,IN,"Kyanidy,kyanid-oxidy sodíku",Cyanides and cyanide oxides of sodium,#99E9F4,#D2F2E9
284410,Výroba nízkoemisní elektřiny a paliv,Jádro,Uran / jaderné technologie,IN,"Uran přír,sloučeniny,slitiny,směsi,disperze","Natural uranium, its compounds, mixtures",#33D3E9,#FFE0A6
284420,Výroba nízkoemisní elektřiny a paliv,Jádro,Uran / jaderné technologie,IN,"Uran oboh.U 235,plutonium,sloučeniny,slitiny","Uranium (enriched U235), plutonium compounds, alloys",#33D3E9,#FFE0A6
284430,Výroba nízkoemisní elektřiny a paliv,Jádro,Uran / jaderné technologie,IN,"Uran ochuz.o U 235,thorium,sloučeniny,slitiny","Uranium (depleted U235), thorium compounds, products",#33D3E9,#FFE0A6
284450,Cirkularita,Cirkularita (výrobní a obalová),Odpad a šrot ost. vzácných kovů a materiálů,IN,Články palivové jaderných reaktorů vyhořelé,Spent fuel elements of nuclear reactors,#FFAAAA,#6BD6B6
290342,"Výroba surovin, komponent a zařízení pro nízkouhlíkové technologie",Výroba surovin a materiálů pro nízkouhlíkové technologie,Šetrnější alternativy - chladiva,IN,Difluormethan (HFC-32),Difluoromethane (HFC-32),#99E9F4,#A4E6D2
290343,"Výroba surovin, komponent a zařízení pro nízkouhlíkové technologie",Výroba surovin a materiálů pro nízkouhlíkové technologie,Šetrnější alternativy - chladiva,IN,"Fluormethan (HFC-41), 1,2-difluorethan (HFC-152) a 1,1-difluorethan<br>(HFC-152a)","Fluoromethane, 1,2-Difluoroethane (HFC-152), 1,1-Difluoroethane (HFC-152a)",#99E9F4,#A4E6D2
290351,"Výroba surovin, komponent a zařízení pro nízkouhlíkové technologie",Výroba surovin a materiálů pro nízkouhlíkové technologie,Šetrnější alternativy - chladiva,IN,"2,3,3,3-Tetrafluorpropen (HFO-1234yf), 1,3,3,3-tetrafluorpropen (HFO-1234ze) a (Z)-1,1,1,4,4,4-hexafluor-2-buten<br>(HFO-13","Tetrafluoropropenes (HFO-1234yf, HFO-1234ze), Hexafluoro-2-butene (HFO-1336mzz)",#99E9F4,#A4E6D2
380210,Voda a ovzduší,Čištění a filtrování kapalin a plynů,"Filtrování vody, tekutin, plynů (centrifugy)",IN,Uhlí aktivní,Activated carbon,#A379FD,#FFAAAA
381300,Adaptace na dlouhodobé změny a živelné pohromy,"Boj se suchem, požáry, záplavami","Rozprašovače, závlahy, hašení",IN,"Přípr,náplně pro hasicí přístr,granáty hasicí",Preparations and charges for fire-extinguishers,#205CF7,#003F8C
381511,Voda a ovzduší,Čištění a filtrování kapalin a plynů,"Filtrování vody, tekutin, plynů (centrifugy)",IN,Katalyzátory na nosiči s niklem jako<br>akt.látk,"Supported catalysts, nickel based",#A379FD,#FFAAAA
381800,Energetické sítě,Distribuce a přenos elektřiny,Elektrické sítě a prvky,IN,Prvky chem.zušlechtěné přísad.pro elektroniku,Chemical element/compound wafers doped for electronic,#ED4FDD,#FF5555
382600,Výroba nízkoemisní elektřiny a paliv,Výroba biopaliv nové generace,Biopaliva,IN,"Bionafta a její směsi, též obsahující<br>méně než 70 % hmotnostních minerálních<br>olejů nebo olejů ze",Biodiesel and mixtures thereof,#33D3E9,#2F61C3
390940,Budovy,Snižování energetické náročnosti budov,"Minerální a skleněné homoty, vlákna, desky - izolace",IN,Pryskyřice fenolické,Phenolic resins,#FEC04C,#FECD70
391510,Cirkularita,Cirkularita (výrobní a obalová),Plastový a gumárenský odpad (recklace),IN,"Odpady,úlomky,odřezky z polymerů ethylenu",Polyethylene waste or scrap,#FFAAAA,#A6BEFC
391520,Cirkularita,Cirkularita (výrobní a obalová),Plastový a gumárenský odpad (recklace),IN,"Odpady,úlomky,odřezky z polymerů styrenu",Polystyrene waste or scrap,#FFAAAA,#A6BEFC
391530,Cirkularita,Cirkularita (výrobní a obalová),Plastový a gumárenský odpad (recklace),IN,"Odpady,úlomky ap z polymerů vinylchloridu",Polyvinyl chloride waste or scrap,#FFAAAA,#A6BEFC
391590,Cirkularita,Cirkularita (výrobní a obalová),Plastový a gumárenský odpad (recklace),IN,"Odpady,úlomky,odřezky z plastů ostatních",Other plastics waste or scrap,#FFAAAA,#A6BEFC
392510,Adaptace na dlouhodobé změny a živelné pohromy,"Boj se suchem, požáry, záplavami","Plastové výrobky (zateplení, zadržování vody)",IN,"Nádrže,zásobníky,kádě ap z plastů,nad 300 l","Plastic reservoirs, tanks, vats, with capacity < 300l",#205CF7,#FEC04C
400300,Cirkularita,Cirkularita (výrobní a obalová),Plastový a gumárenský odpad (recklace),IN,"Kaučuk regenerovaný v prim.formách,deskách ap",Reclaimed rubber in primary forms,#FFAAAA,#A6BEFC
400400,Cirkularita,Cirkularita (výrobní a obalová),Plastový a gumárenský odpad (recklace),IN,"Odpady,úlomky,odřezky kaučuku(ne pryž),i zrna","Rubber waste, parings and scrap",#FFAAAA,#A6BEFC
401700,Cirkularita,Cirkularita (výrobní a obalová),Plastový a gumárenský odpad (recklace),IN,"Pryž tvrdá ve všech formách,odpady,výrobky","Hard rubber (eg ebonite) in all forms, articles,scrap",#FFAAAA,#A6BEFC
440121,"Materiálová efektivita, šetrné materiály","Materiálová efektivita, šetrné materiály","Dřevo, papír a textil - obaly, izolace",IN,"Štěpky,třísky dřevěné jehličnaté","Wood in chips, coniferous",#FF5555,#FFDDDD
440122,"Materiálová efektivita, šetrné materiály","Materiálová efektivita, šetrné materiály","Dřevo, papír a textil - obaly, izolace",IN,"Štěpky,třísky dřevěné,ne jehličnaté","Wood in chips, non-coniferous",#FF5555,#FFDDDD
441873,"Materiálová efektivita, šetrné materiály","Materiálová efektivita, šetrné materiály","Dřevo, papír a textil - obaly, izolace",IN,Sestavené podlahové desky z bambusu nebo<br>alespoň s vrchní vrstvou (nášlapná vrstva)<br>z bambusu,"Wood; assembled flooring panels, of bamboo or with at least the top layer (wear layer) of bamboo",#FF5555,#FFDDDD
470710,"Materiálová efektivita, šetrné materiály","Materiálová efektivita, šetrné materiály","Dřevo, papír a textil - obaly, izolace",IN,"Odpad papíru,kartónu,lepenky nebělené,vlnité",Scrap of Kraft paper,#FF5555,#FFDDDD
470720,"Materiálová efektivita, šetrné materiály","Materiálová efektivita, šetrné materiály","Dřevo, papír a textil - obaly, izolace",IN,"Odpad papíru,kartónu,lepenky z bělen.buničin",Scrap of bleached paper,#FF5555,#FFDDDD
470730,"Materiálová efektivita, šetrné materiály","Materiálová efektivita, šetrné materiály","Dřevo, papír a textil - obaly, izolace",IN,"Odpad papíru,kartónu,lepenky z dřevoviny",Scrap of mechanical pulp paper,#FF5555,#FFDDDD
470790,"Materiálová efektivita, šetrné materiály","Materiálová efektivita, šetrné materiály","Dřevo, papír a textil - obaly, izolace",IN,"Odpad jiný vč papíru sběr.netříděného,výmětu",Scrap of NES paper,#FF5555,#FFDDDD
480810,"Materiálová efektivita, šetrné materiály","Materiálová efektivita, šetrné materiály","Dřevo, papír a textil - obaly, izolace",IN,"Papír,kartón,lepenka vlnité,i perforované","Paper, corrugated",#FF5555,#FFDDDD
480840,"Materiálová efektivita, šetrné materiály","Materiálová efektivita, šetrné materiály","Dřevo, papír a textil - obaly, izolace",IN,"Papír kraft, krepovaný nebo plisovaný, též<br>ražený nebo perforovaný","Paper and paperboard: kraft paper, creped or crinkled, whether or not embossed or perforated, in rolls or sheets, other than paper of heading 4803",#FF5555,#FFDDDD
481930,"Materiálová efektivita, šetrné materiály","Materiálová efektivita, šetrné materiály","Dřevo, papír a textil - obaly, izolace",IN,"Pytle z papíru,kartónu ap,spodní část do<br>40cm","Sacks and bags, of paper, having a width > 40 cm",#FF5555,#FFDDDD
481940,"Materiálová efektivita, šetrné materiály","Materiálová efektivita, šetrné materiály","Dřevo, papír a textil - obaly, izolace",IN,"Pytle jiné,sáčky,tašky,kapsy ap z papíru aj","Sacks and bags, of paper, nes, including cones",#FF5555,#FFDDDD
482210,"Materiálová efektivita, šetrné materiály","Materiálová efektivita, šetrné materiály","Dřevo, papír a textil - obaly, izolace",IN,Výztuže z papíru ap k navíjení<br>příze textilní,"Bobbins, spools etc of paper, used for textile yarn",#FF5555,#FFDDDD
482290,"Materiálová efektivita, šetrné materiály","Materiálová efektivita, šetrné materiály","Dřevo, papír a textil - obaly, izolace",IN,"Dutinky,cívky ap výztuže ost.z papíru aj","Bobbins, spools and similar supports of paper, nes",#FF5555,#FFDDDD
520299,"Materiálová efektivita, šetrné materiály","Materiálová efektivita, šetrné materiály","Dřevo, papír a textil - obaly, izolace",IN,Odpad bavlněný ostatní,"Cotton waste, except garnetted stock",#FF5555,#FFDDDD
530130,"Materiálová efektivita, šetrné materiály","Materiálová efektivita, šetrné materiály","Dřevo, papír a textil - obaly, izolace",IN,"Koudel,odpad lněný","Flax tow, waste including yarn waste, garnetted stock",#FF5555,#FFDDDD
540500,"Materiálová efektivita, šetrné materiály","Materiálová efektivita, šetrné materiály","Dřevo, papír a textil - obaly, izolace",IN,"Monofil um.nad 67dt,pásky ap z mat.um.do<br>5mm","Artif monofilament >67dtex t<1mm, strip, straws t<5mm",#FF5555,#FFDDDD
560312,"Materiálová efektivita, šetrné materiály","Materiálová efektivita, šetrné materiály","Dřevo, papír a textil - obaly, izolace",IN,Textilie z chemic.vláken o hmot. 25-70g/m2,"Nonwovens, weighing more than 25g/m2 but not more than 70g/m2",#FF5555,#FFDDDD
560314,"Materiálová efektivita, šetrné materiály","Materiálová efektivita, šetrné materiály","Dřevo, papír a textil - obaly, izolace",IN,Textilie z chemic.vláken o hmot. nad<br>150g/m2,"Nonwovens, weighing more than 150g/m2",#FF5555,#FFDDDD
630510,"Materiálová efektivita, šetrné materiály","Materiálová efektivita, šetrné materiály","Dřevo, papír a textil - obaly, izolace",IN,"Pytle,pytlíky k balení zboží z juty<br>aj vl.lýk",Sacks & bags of jute or other bast fibres,#FF5555,#FFDDDD
630520,"Materiálová efektivita, šetrné materiály","Materiálová efektivita, šetrné materiály","Dřevo, papír a textil - obaly, izolace",IN,"Pytle,pytlíky k balení zboží z bavlny",Sacks & bags of cotton,#FF5555,#FFDDDD
680610,Budovy,Snižování energetické náročnosti budov,"Minerální a skleněné homoty, vlákna, desky - izolace",IN,"Vlna strusková,horninová ap minerál,vč směsí","Slag wool, rock wool, similar wools, bulk, sheet, rol",#FEC04C,#FECD70
680690,Budovy,Snižování energetické náročnosti budov,"Minerální a skleněné homoty, vlákna, desky - izolace",IN,"Směsi,výr.z mater.nerost.pro izolaci tepel.aj",Mineral heat or sound insulating materials & articles,#FEC04C,#FECD70
680800,Budovy,Snižování energetické náročnosti budov,"Minerální a skleněné homoty, vlákna, desky - izolace",IN,"Desky,bloky ap z vlák.rost,hoblin ap.s pojivy","Boards, etc of veg fibre with mineral binder or cemen",#FEC04C,#FECD70
700100,Budovy,Snižování energetické náročnosti budov,"Minerální a skleněné homoty, vlákna, desky - izolace",IN,"Skleněné střepy a jiné skleněné odpady;<br>masivní sklo v kusech (kromě skla<br>ve formě prášku, granulí nebo vloček<br>a aktivov","Glass cullet, waste or scrap, glass in the mass",#FEC04C,#FECD70
700800,Budovy,Snižování energetické náročnosti budov,"Minerální a skleněné homoty, vlákna, desky - izolace",IN,Jednotky izolační z několika tabulí skla,Multiple-walled insulating units of glass,#FEC04C,#FECD70
700991,Výroba nízkoemisní elektřiny a paliv,Solární,Křemík / FVE,IN,Zrcadla skleněná nezarámovaná,"Glass mirrors, unframed",#33D3E9,#A379FD
700992,Výroba nízkoemisní elektřiny a paliv,Solární,Křemík / FVE,IN,Zrcadla skleněná zarámovaná,"Glass mirrors, framed",#33D3E9,#A379FD
701690,Budovy,Snižování energetické náročnosti budov,"Minerální a skleněné homoty, vlákna, desky - izolace",IN,"Výrobky ze skla k staveb.ap účelu,sklo<br>pěnové","Glass blocks, bricks, tiles, leaded lights, etc",#FEC04C,#FECD70
701911,Budovy,Snižování energetické náročnosti budov,"Minerální a skleněné homoty, vlákna, desky - izolace",IN,Skleněná vlákna a stříž o délce<br>do 50 mm,"Glass Fibres: Short Strands, Up to 50mm in Length",#FEC04C,#FECD70
701912,Budovy,Snižování energetické náročnosti budov,"Minerální a skleněné homoty, vlákna, desky - izolace",IN,"Skleněná vlákna, pramence","Glass Fibres: Long Strands, Known as Rovings",#FEC04C,#FECD70
701913,Budovy,Snižování energetické náročnosti budov,"Minerální a skleněné homoty, vlákna, desky - izolace",IN,"Příze, skleněná lunta ze skleněných vláken<br>(kromě střiže (chopped strands) ze skleněných<br>vláken o délce <= 50 mm<br>a prame",Glass fibre yarns and slivers,#FEC04C,#FECD70
701914,Budovy,Snižování energetické náročnosti budov,"Minerální a skleněné homoty, vlákna, desky - izolace",IN,Mechanicky pojené rohože ze skleněných vláken,Glass fibre mechanically bonded mats,#FEC04C,#FECD70
701915,Budovy,Snižování energetické náročnosti budov,"Minerální a skleněné homoty, vlákna, desky - izolace",IN,Chemicky pojené rohože ze skleněných vláken,Glass fibre chemically bonded mats,#FEC04C,#FECD70
701919,Budovy,Snižování energetické náročnosti budov,"Minerální a skleněné homoty, vlákna, desky - izolace",IN,Koláče ze skleněných vláken (textile cakes)<br>a střiže (chopped strands) o délce<br>> 50 mm,"Glass Fibres: Thin Forms like Slivers, Yarns & Threads",#FEC04C,#FECD70
701961,Budovy,Snižování energetické náročnosti budov,"Minerální a skleněné homoty, vlákna, desky - izolace",IN,Tkaniny z pramenců (rovings) s uzavřeným<br>očkem ze skleněných vláken,Mechanically bonded glass fibre fabrics and rovings,#FEC04C,#FECD70
701962,Budovy,Snižování energetické náročnosti budov,"Minerální a skleněné homoty, vlákna, desky - izolace",IN,"Textilie z pramenců (rovings) s uzavřeným<br>očkem ze skleněných vláken, mechanicky pojené<br>(kromě tkanin)",Non-woven mechanically bonded glass fibre fabrics,#FEC04C,#FECD70
701963,Budovy,Snižování energetické náročnosti budov,"Minerální a skleněné homoty, vlákna, desky - izolace",IN,"Tkaniny s uzavřeným očkem, v plátnové<br>vazbě, ze skleněných přízí (kromě povrstvených<br>nebo laminovaných)","Plain weave mechanically bonded glass fibre fabrics, uncoated",#FEC04C,#FECD70
701964,Budovy,Snižování energetické náročnosti budov,"Minerální a skleněné homoty, vlákna, desky - izolace",IN,"Tkaniny s uzavřeným očkem, v plátnové<br>vazbě, ze skleněných přízí, povrstvené nebo<br>laminované",Coated/laminated plain weave glass fibre fabrics,#FEC04C,#FECD70
701965,Budovy,Snižování energetické náročnosti budov,"Minerální a skleněné homoty, vlákna, desky - izolace",IN,"Tkaniny s otevřeným očkem ze skleněných<br>vláken, o šířce <= 30 cm",Narrow open weave glass fibre fabrics (â‰¤30cm wide),#FEC04C,#FECD70
701966,Budovy,Snižování energetické náročnosti budov,"Minerální a skleněné homoty, vlákna, desky - izolace",IN,"Tkaniny s otevřeným očkem ze skleněných<br>vláken, o šířce > 30 cm",Wide open weave glass fibre fabrics (>30cm wide),#FEC04C,#FECD70
701969,Budovy,Snižování energetické náročnosti budov,"Minerální a skleněné homoty, vlákna, desky - izolace",IN,Mechanicky pojené textilie ze skleněných vláken<br>(kromě textilií z pramenců (rovings) s<br>uzavřeným očkem a tkanin),Other specified glass fibre fabrics,#FEC04C,#FECD70
701980,Budovy,Snižování energetické náročnosti budov,"Minerální a skleněné homoty, vlákna, desky - izolace",IN,Skleněná vlna a výrobky ze skleněné<br>vlny,Glass wool products,#FEC04C,#FECD70
701990,Budovy,Snižování energetické náročnosti budov,"Minerální a skleněné homoty, vlákna, desky - izolace",IN,"Skleněná vlákna a výrobky z nich,<br>jinde neuvedené ani nezahrnuté","Glass fibres, glass wool and articles thereof nes",#FEC04C,#FECD70
711230,Cirkularita,Cirkularita (výrobní a obalová),Odpad a šrot ost. vzácných kovů a materiálů,IN,Popel obsahující drahé kovy,Waste and scrap of precious metal or of metal clad with precious metal: ash containing precious metal or precious metal compounds,#FFAAAA,#6BD6B6
711291,Cirkularita,Cirkularita (výrobní a obalová),Odpad a šrot ost. vzácných kovů a materiálů,IN,"Odpad a šrot ze zlata, včetně<br>kovu plátovaného zlatem a ostatní odpad<br>a šrot obsahující zlato nebo sloučeniny<br>zlata, pou","Waste and scrap of precious metals: of gold, including metal clad with gold but excluding sweepings containing other precious metals",#FFAAAA,#6BD6B6
711292,Cirkularita,Cirkularita (výrobní a obalová),Odpad a šrot ost. vzácných kovů a materiálů,IN,"Odpad a šrot z platiny, včetně<br>kovu plátovaného platinou a ostatní odpad<br>a šrot obsahující platinu nebo sloučeniny<br>plati","Waste and scrap of precious metals: of platinum, including metal clad with platinum but excluding sweepings containing other precious metals",#FFAAAA,#6BD6B6
711299,Cirkularita,Cirkularita (výrobní a obalová),Odpad a šrot ost. vzácných kovů a materiálů,IN,"Odpad a šrot ze stříbra, včetně<br>kovu plátovaného stříbrem a ostatní odpad<br>a šrot obsahující stříbro nebo sloučeniny<br>stří","Waste and scrap of precious metals: waste and scrap of precious metals including metal clad with precious metals, other than that of gold and platinum and excluding ash which contains precious metal or precious metal compounds",#FFAAAA,#6BD6B6
720410,Cirkularita,Cirkularita (výrobní a obalová),Železný šrot,IN,"Odpad,šrot litinový","Waste or scrap, of cast iron",#FFAAAA,#B594FD
720421,Cirkularita,Cirkularita (výrobní a obalová),Železný šrot,IN,"Odpad,šrot z oceli legované nerezavějící","Waste or scrap, of stainless steel",#FFAAAA,#B594FD
720429,Cirkularita,Cirkularita (výrobní a obalová),Železný šrot,IN,"Odpad,šrot z oceli legované ostatní","Waste or scrap, of alloy steel, other than stainless",#FFAAAA,#B594FD
720430,Cirkularita,Cirkularita (výrobní a obalová),Železný šrot,IN,"Odpad,šrot z železa,oceli pocínované","Waste or scrap, of tinned iron or steel",#FFAAAA,#B594FD
720441,Cirkularita,Cirkularita (výrobní a obalová),Železný šrot,IN,"Třísky,hobliny,odřezky aj kovové,i svazky",Waste from the mechanical working of iron or steel ne,#FFAAAA,#B594FD
720449,Cirkularita,Cirkularita (výrobní a obalová),Železný šrot,IN,"Odpad,šrot kovový ostatní","Ferrous waste or scrap, nes",#FFAAAA,#B594FD
720450,Cirkularita,Cirkularita (výrobní a obalová),Železný šrot,IN,Odpady přetavené v ingotech,"Remelting scrap ingots, of iron or steel",#FFAAAA,#B594FD
730210,Doprava,Železniční (osobní i nákladní),Železnice,IN,"Kolejnice z železa,oceli","Railway/tramway rails, iron or steel",#5B9EEE,#F8B9F1
730230,Doprava,Železniční (osobní i nákladní),Železnice,IN,"Hrotnice,výhybky aj zař.přejezdová z žel,ocel","Railway/tramway switch/crossing material, iron/steel",#5B9EEE,#F8B9F1
730240,Doprava,Železniční (osobní i nákladní),Železnice,IN,"Spojky,podkladnice kolejnicové z železa,oceli","Railway fish plates and sole plates, iron or steel",#5B9EEE,#F8B9F1
730290,Doprava,Železniční (osobní i nákladní),Železnice,IN,"Mat.ost.pro stavbu tratí žel,tram.z žel,oceli","Rail/tramway construction material of iron/steel, nes",#5B9EEE,#F8B9F1
730441,Energetické sítě,"Distribuce a přenos paliv, tepla",Železné a hliníkové výr. pro distribuci a ukládání paliv a energií,IN,"Trouby ap z oceli nerez,bezeš,kruh,za studena","Stainless steel pipe or tubing, cold rolled",#ED4FDD,#7AE2F1
730820,Energetické sítě,"Distribuce a přenos paliv, tepla",Železné a hliníkové výr. pro distribuci a ukládání paliv a energií,IN,"Věže,stožáry,sloupy,pilíře z železa,oceli","Towers and lattice masts, iron or steel",#ED4FDD,#7AE2F1
730900,Energetické sítě,"Distribuce a přenos paliv, tepla",Železné a hliníkové výr. pro distribuci a ukládání paliv a energií,IN,"Nádrže,cisterny ap z železa,oceli,nad 300l","Reservoirs/tanks/vats/etc, iron/steel capacity >300l",#ED4FDD,#7AE2F1
732111,Energetické sítě,"Distribuce a přenos paliv, tepla",Železné a hliníkové výr. pro distribuci a ukládání paliv a energií,IN,"Zařízení pro vaření ap na plyn,z<br>železa,oceli","Cooking appliances for gas fuel, etc, iron or steel",#ED4FDD,#7AE2F1
732190,Energetické sítě,"Distribuce a přenos paliv, tepla",Železné a hliníkové výr. pro distribuci a ukládání paliv a energií,IN,"Části zaříz.varných,topných pro dom,z žel,oce",Parts for domestic non-electric thermic appliances,#ED4FDD,#7AE2F1
732490,Energetické sítě,"Distribuce a přenos paliv, tepla",Železné a hliníkové výr. pro distribuci a ukládání paliv a energií,IN,"Výrobky sanitární(hygien)ost.z železa,oceli","Sanitary ware and parts thereof, iron or steel, nes",#ED4FDD,#7AE2F1
740200,"Výroba surovin, komponent a zařízení pro nízkouhlíkové technologie",Výroba surovin a materiálů pro nízkouhlíkové technologie,Rudy / vzácné kovy / kyanidy / Anorganická chemie,IN,"Měď nerafin,anody měď.pro elektrolyt.rafinaci","Unrefined copper, copper anodes, electrolytic refinin",#99E9F4,#D2F2E9
740311,"Výroba surovin, komponent a zařízení pro nízkouhlíkové technologie",Výroba surovin a materiálů pro nízkouhlíkové technologie,Rudy / vzácné kovy / kyanidy / Anorganická chemie,IN,"Katody,části katod z mědi rafinované",Copper cathodes and sections of cathodes unwrought,#99E9F4,#D2F2E9
740312,"Výroba surovin, komponent a zařízení pro nízkouhlíkové technologie",Výroba surovin a materiálů pro nízkouhlíkové technologie,Rudy / vzácné kovy / kyanidy / Anorganická chemie,IN,Předlitky pro válcování drátu z mědi<br>rafinov.,"Wire bars, copper, unwrought",#99E9F4,#D2F2E9
740313,"Výroba surovin, komponent a zařízení pro nízkouhlíkové technologie",Výroba surovin a materiálů pro nízkouhlíkové technologie,Rudy / vzácné kovy / kyanidy / Anorganická chemie,IN,Předvalky(sochory)z mědi rafinované,"Billets, copper, unwrought",#99E9F4,#D2F2E9
740319,"Výroba surovin, komponent a zařízení pro nízkouhlíkové technologie",Výroba surovin a materiálů pro nízkouhlíkové technologie,Rudy / vzácné kovy / kyanidy / Anorganická chemie,IN,Meď rafinovaná ostatní,"Refined copper products, unwrought, nes",#99E9F4,#D2F2E9
740400,Cirkularita,Cirkularita (výrobní a obalová),Odpad a šrot ost. vzácných kovů a materiálů,IN,"Odpad,šrot měděný",Copper/copper alloy waste or scrap,#FFAAAA,#6BD6B6
740811,Energetické sítě,Distribuce a přenos elektřiny,Elektrické sítě a prvky,IN,"Drát z mědi rafinované,nad 6mm",Wire of refined copper > 6mm wide,#ED4FDD,#FF5555
740819,Energetické sítě,Distribuce a přenos elektřiny,Elektrické sítě a prvky,IN,"Drát z mědi rafinované,do 6mm",Wire of refined copper < 6mm wide,#ED4FDD,#FF5555
740821,Energetické sítě,Distribuce a přenos elektřiny,Elektrické sítě a prvky,IN,Drát ze slitin na bázi mědi<br>a zinku(mosazi),"Wire, copper-zinc base alloy",#ED4FDD,#FF5555
740822,Energetické sítě,Distribuce a přenos elektřiny,Elektrické sítě a prvky,IN,"Drát ze slitin mědi,niklu a mědi,niklu,zinku","Wire, copper-nickel or copper-nickel-zinc base alloy",#ED4FDD,#FF5555
740829,Energetické sítě,Distribuce a přenos elektřiny,Elektrické sítě a prvky,IN,Drát ostatní ze slitin mědi,"Wire, copper alloy, except nickel/zinc alloys",#ED4FDD,#FF5555
750300,Cirkularita,Cirkularita (výrobní a obalová),Odpad a šrot ost. vzácných kovů a materiálů,IN,"Odpad,šrot niklový",Nickel waste or scrap,#FFAAAA,#6BD6B6
750890,"Výroba surovin, komponent a zařízení pro nízkouhlíkové technologie",Výroba surovin a materiálů pro nízkouhlíkové technologie,Rudy / vzácné kovy / kyanidy / Anorganická chemie,IN,Ostatní výrobky pro čistící potřeby z<br>niklu,Various items made from nickel for different purposes,#99E9F4,#D2F2E9
760200,Cirkularita,Cirkularita (výrobní a obalová),Odpad a šrot ost. vzácných kovů a materiálů,IN,"Odpad,šrot hliníkový","Waste or scrap, aluminium",#FFAAAA,#6BD6B6
760511,Energetické sítě,Distribuce a přenos elektřiny,Elektrické sítě a prvky,IN,"Dráty z hliníku nelegovaného,nad 7mm","Wire, aluminium, not alloyed, t > 7mm",#ED4FDD,#FF5555
760519,Energetické sítě,Distribuce a přenos elektřiny,Elektrické sítě a prvky,IN,"Dráty z hliníku nelegovaného,do 7mm","Wire, aluminium, not alloyed, t < 7mm",#ED4FDD,#FF5555
760521,Energetické sítě,Distribuce a přenos elektřiny,Elektrické sítě a prvky,IN,"Dráty ze slitin hliníku,nad 7mm","Wire, aluminium alloy, t > 7mm",#ED4FDD,#FF5555
760529,Energetické sítě,Distribuce a přenos elektřiny,Elektrické sítě a prvky,IN,"Dráty ze slitin hliníku,do 7mm","Wire, aluminium alloy, t < 7mm",#ED4FDD,#FF5555
761100,Energetické sítě,"Distribuce a přenos paliv, tepla",Železné a hliníkové výr. pro distribuci a ukládání paliv a energií,IN,"Nádrže,cisterny,kádě ap z hliníku,nad 300l","Aluminium reservoirs,vats, tanks, etc, volume >300l",#ED4FDD,#7AE2F1
761290,Energetické sítě,"Distribuce a přenos paliv, tepla",Železné a hliníkové výr. pro distribuci a ukládání paliv a energií,IN,"Zásobníky ostatní z hliníku,do 300l","Aluminium casks, drums, boxes etc, capacity <300 litr",#ED4FDD,#7AE2F1
780200,Cirkularita,Cirkularita (výrobní a obalová),Odpad a šrot ost. vzácných kovů a materiálů,IN,"Odpad,šrot olověný",Lead waste or scrap,#FFAAAA,#6BD6B6
790200,Cirkularita,Cirkularita (výrobní a obalová),Odpad a šrot ost. vzácných kovů a materiálů,IN,"Odpad,šrot zinkový",Zinc waste or scrap,#FFAAAA,#6BD6B6
800200,Cirkularita,Cirkularita (výrobní a obalová),Odpad a šrot ost. vzácných kovů a materiálů,IN,"Odpad,šrot cínový",Tin waste or scrap,#FFAAAA,#6BD6B6
810197,Cirkularita,Cirkularita (výrobní a obalová),Odpad a šrot ost. vzácných kovů a materiálů,IN,Wolframový odpad a šrot,Tungsten (wolfram): waste and scrap,#FFAAAA,#6BD6B6
810297,Cirkularita,Cirkularita (výrobní a obalová),Odpad a šrot ost. vzácných kovů a materiálů,IN,Molybdenový odpad a šrot,Molybdenum: waste and scrap,#FFAAAA,#6BD6B6
810330,Cirkularita,Cirkularita (výrobní a obalová),Odpad a šrot ost. vzácných kovů a materiálů,IN,Tantalový odpad a šrot,Tantalum: waste and scrap,#FFAAAA,#6BD6B6
810420,Cirkularita,Cirkularita (výrobní a obalová),Odpad a šrot ost. vzácných kovů a materiálů,IN,"Odpad,šrot z hořčíku",Magnesium waste or scrap,#FFAAAA,#6BD6B6
810530,Cirkularita,Cirkularita (výrobní a obalová),Odpad a šrot ost. vzácných kovů a materiálů,IN,Kobaltový odpad a šrot,Cobalt: waste and scrap,#FFAAAA,#6BD6B6
810830,Cirkularita,Cirkularita (výrobní a obalová),Odpad a šrot ost. vzácných kovů a materiálů,IN,Titanový odpad a šrot,Titanium: waste and scrap,#FFAAAA,#6BD6B6
810931,Cirkularita,Cirkularita (výrobní a obalová),Odpad a šrot ost. vzácných kovů a materiálů,IN,"Zirkoniový odpad a šrot, obsahující <<br>1 hmotnostní díl hafnia na 500<br>hmotnostních dílů zirkonia (kromě popela a<br>zbytků o",Zirconium scrap (<1:500 Hf:Zr ratio),#FFAAAA,#6BD6B6
810939,Cirkularita,Cirkularita (výrobní a obalová),Odpad a šrot ost. vzácných kovů a materiálů,IN,"Zirkoniový odpad a šrot, obsahující >=<br>1 hmotnostní díl hafnia na 500<br>hmotnostních dílů zirkonia (kromě popela a<br>zbytků",Zirconium scrap (â‰Ą1:500 Hf:Zr ratio),#FFAAAA,#6BD6B6
811020,Cirkularita,Cirkularita (výrobní a obalová),Odpad a šrot ost. vzácných kovů a materiálů,IN,Odpad a šrot z antimonu,Antimony: waste and scrap,#FFAAAA,#6BD6B6
811100,Cirkularita,Cirkularita (výrobní a obalová),Odpad a šrot ost. vzácných kovů a materiálů,IN,"Mangan,výrobky,odpady,šrot","Manganese, articles thereof, waste or scrap",#FFAAAA,#6BD6B6
811213,Cirkularita,Cirkularita (výrobní a obalová),Odpad a šrot ost. vzácných kovů a materiálů,IN,Odpad a šrot z berylia,Beryllium: waste and scrap,#FFAAAA,#6BD6B6
811222,Cirkularita,Cirkularita (výrobní a obalová),Odpad a šrot ost. vzácných kovů a materiálů,IN,Chromový odpad a šrot,Chromium: waste and scrap,#FFAAAA,#6BD6B6
811252,Cirkularita,Cirkularita (výrobní a obalová),Odpad a šrot ost. vzácných kovů a materiálů,IN,Odpad a šrot z thallia,Thallium: waste and scrap,#FFAAAA,#6BD6B6
811261,Cirkularita,Cirkularita (výrobní a obalová),Odpad a šrot ost. vzácných kovů a materiálů,IN,Kadmiový odpad a šrot (kromě kromě<br>popela a zbytků obsahujících kadmium),Cadmium scrap,#FFAAAA,#6BD6B6
811292,Cirkularita,Cirkularita (výrobní a obalová),Odpad a šrot ost. vzácných kovů a materiálů,IN,"Netvářený (surový) niob (columbium), gallium, indium,<br>vanad a germanium, prášek a odpad<br>a šrot z těchto kovů (kromě<br>pope","Gallium, germanium, hafnium, indium, niobium (columbium), rhenium and vanadium: articles thereof, unwrought, including waste and scrap, powders",#FFAAAA,#6BD6B6
840110,Výroba nízkoemisní elektřiny a paliv,Jádro,Uran / jaderné technologie,IN,Reaktory jaderné,Nuclear reactors,#33D3E9,#FFE0A6
840120,Výroba nízkoemisní elektřiny a paliv,Jádro,Uran / jaderné technologie,IN,"Stroje,přístroje pro oddělování izotopů,části",Machinery & apparatus for isotopic separation & parts,#33D3E9,#FFE0A6
840130,Výroba nízkoemisní elektřiny a paliv,Jádro,Uran / jaderné technologie,IN,Články(kazety)palivové nevyhořelé pro reakto,"Fuel elements non-irradiated, for nuclear reactors",#33D3E9,#FFE0A6
840140,Výroba nízkoemisní elektřiny a paliv,Jádro,Uran / jaderné technologie,IN,"Části,součásti reaktorů jaderných",Parts of nuclear reactors,#33D3E9,#FFE0A6
840211,Výroba nízkoemisní elektřiny a paliv,"Komponenty pro jadernou, vodíkovou a parní výrobu energií","Parní a plynové kotle, generátory a trubiny",IN,"Kotle vodotrubné,nad 45t páry/hod.","Water tube boilers, steam production < 45T per hour",#33D3E9,#FED68A
840212,Výroba nízkoemisní elektřiny a paliv,"Komponenty pro jadernou, vodíkovou a parní výrobu energií","Parní a plynové kotle, generátory a trubiny",IN,"Kotle vodotrubné,do 45t páry/hod.","Water tube boilers, steam production < 45T per hour",#33D3E9,#FED68A
840219,Výroba nízkoemisní elektřiny a paliv,"Komponenty pro jadernou, vodíkovou a parní výrobu energií","Parní a plynové kotle, generátory a trubiny",IN,"Kotle parní ost,vč.hybridních kotlů","Vapour generating boilers nes, hybrid boilers",#33D3E9,#FED68A
840220,Výroba nízkoemisní elektřiny a paliv,"Komponenty pro jadernou, vodíkovou a parní výrobu energií","Parní a plynové kotle, generátory a trubiny",IN,"Kotle zvané ""na přehřátou vodu""",Super-heated water boilers,#33D3E9,#FED68A
840290,Výroba nízkoemisní elektřiny a paliv,"Komponenty pro jadernou, vodíkovou a parní výrobu energií","Parní a plynové kotle, generátory a trubiny",IN,"Části,součásti kotlů,generátorů",Parts of steam or vapour generating boilers nes,#33D3E9,#FED68A
840410,Výroba nízkoemisní elektřiny a paliv,"Komponenty pro jadernou, vodíkovou a parní výrobu energií","Parní a plynové kotle, generátory a trubiny",IN,"Přístroje,zař.pomoc.ke kotlům ÚT,generátorům",Auxiliary plant for steam/vapour generating boilers,#33D3E9,#FED68A
840420,Výroba nízkoemisní elektřiny a paliv,"Komponenty pro jadernou, vodíkovou a parní výrobu energií","Parní a plynové kotle, generátory a trubiny",IN,Kondenzátory pro parní stroj na vodní<br>aj páru,Condensers for steam or vapour power units,#33D3E9,#FED68A
840490,Výroba nízkoemisní elektřiny a paliv,"Komponenty pro jadernou, vodíkovou a parní výrobu energií","Parní a plynové kotle, generátory a trubiny",IN,"Části,součásti přístr.pomoc.ke kotlům ÚT aj","Steam, vapour generating boiler auxiliary plant parts",#33D3E9,#FED68A
840510,"Výroba surovin, komponent a zařízení pro nízkouhlíkové technologie",Výroba komponent a zařízení pro nízkouhlíkové technologie,Ostatní stroje,IN,"Generátory plynové,vyvíječe acetylénu","Producer, water and acetylene gas generators",#99E9F4,#C3A8FE
840681,Výroba nízkoemisní elektřiny a paliv,"Komponenty pro jadernou, vodíkovou a parní výrobu energií","Parní a plynové kotle, generátory a trubiny",IN,Parní turbiny pro pohon lodí s<br>výkonem nad 40,Large Steam Turbines for Non-Marine Use (Above 40MW),#33D3E9,#FED68A
840682,Výroba nízkoemisní elektřiny a paliv,"Komponenty pro jadernou, vodíkovou a parní výrobu energií","Parní a plynové kotle, generátory a trubiny",IN,Parní tubrbiny pro pohon lodí s<br>výkonem do 40,Small Steam Turbines for Non-Marine Use (Below 40MW),#33D3E9,#FED68A
840690,Výroba nízkoemisní elektřiny a paliv,"Komponenty pro jadernou, vodíkovou a parní výrobu energií","Parní a plynové kotle, generátory a trubiny",IN,"Části,součásti turbin na vodní páru aj",Parts of steam and vapour turbines,#33D3E9,#FED68A
841011,Výroba nízkoemisní elektřiny a paliv,Vodní,Vodní turbiny,IN,"Turbiny,kola vodní,do 1000kW","Hydraulic turbines, water wheels, power < 1000 kW",#33D3E9,#1CC08F
841012,Výroba nízkoemisní elektřiny a paliv,Vodní,Vodní turbiny,IN,"Turbiny,kola vodní,1000-10000kW","Hydraulic turbines, water wheels, power 1000-10000 kW",#33D3E9,#1CC08F
841013,Výroba nízkoemisní elektřiny a paliv,Vodní,Vodní turbiny,IN,"Turbiny,kola vodní,nad 10000kW","Hydraulic turbines, water wheels, power > 10000 kW",#33D3E9,#1CC08F
841090,Výroba nízkoemisní elektřiny a paliv,Vodní,Vodní turbiny,IN,"Části,souč.turbin,kol vodních,vč regulátorů",Parts of hydraulic turbines and water wheels,#33D3E9,#1CC08F
841181,Výroba nízkoemisní elektřiny a paliv,"Komponenty pro jadernou, vodíkovou a parní výrobu energií","Parní a plynové kotle, generátory a trubiny",IN,"Turbiny plynové ost,do 5000kW",Gas turbine engines nes of a power < 5000 kW,#33D3E9,#FED68A
841182,Výroba nízkoemisní elektřiny a paliv,"Komponenty pro jadernou, vodíkovou a parní výrobu energií","Parní a plynové kotle, generátory a trubiny",IN,"Turbiny plynové ost,nad 5000kW",Gas turbine engines nes of a power > 5000 kW,#33D3E9,#FED68A
841199,Výroba nízkoemisní elektřiny a paliv,"Komponenty pro jadernou, vodíkovou a parní výrobu energií","Parní a plynové kotle, generátory a trubiny",IN,"Části,součásti turbin plynových",Parts of gas turbine engines except turbo-jet/prop,#33D3E9,#FED68A
841239,"Výroba surovin, komponent a zařízení pro nízkouhlíkové technologie",Výroba komponent a zařízení pro nízkouhlíkové technologie,"Ostatní motory, pohony",IN,"Motory,pohony pneumatické ostatní","Pneumatic power engines/motors, except linear acting",#99E9F4,#F172E4
841290,"Výroba surovin, komponent a zařízení pro nízkouhlíkové technologie",Výroba komponent a zařízení pro nízkouhlíkové technologie,"Ostatní motory, pohony",IN,"Části,součásti motorů,pohonů",Parts of hydraulic/pneumatic/other power engines,#99E9F4,#F172E4
841350,Voda a ovzduší,"Distribuce vody, odpadní vody, voda v krajině",Čerpadla,IN,Čerpadla objemová ostatní s kmitavým pohybem,Reciprocating positive displacement pumps nes,#A379FD,#F6A7EE
841360,Voda a ovzduší,"Distribuce vody, odpadní vody, voda v krajině",Čerpadla,IN,Čerpadla objemová rotační ostatní,Rotary positive displacement pumps nes,#A379FD,#F6A7EE
841370,Voda a ovzduší,"Distribuce vody, odpadní vody, voda v krajině",Čerpadla,IN,Čerpadla odstředivá ostatní,Centrifugal pumps nes,#A379FD,#F6A7EE
841381,Voda a ovzduší,"Distribuce vody, odpadní vody, voda v krajině",Čerpadla,IN,"Čerpadla ostatní,i s měřicím zařízením",Pumps nes,#A379FD,#F6A7EE
841391,Voda a ovzduší,"Distribuce vody, odpadní vody, voda v krajině",Čerpadla,IN,"Části,součásti čerpadel",Parts of pumps for liquids,#A379FD,#F6A7EE
841410,Budovy,Technologie pro ohřev a chlazení vzduchu,"Vzduch. čerpadla, vakuové pumpy, ventilátory, klima, chlazení",IN,Vývěvy,Vacuum pumps,#FEC04C,#4F5E70
841430,Budovy,Technologie pro ohřev a chlazení vzduchu,"Vzduch. čerpadla, vakuové pumpy, ventilátory, klima, chlazení",IN,Kompresory používané v zařízení chladicích,Compressors for refrigerating equipment,#FEC04C,#4F5E70
841459,Budovy,Technologie pro ohřev a chlazení vzduchu,"Vzduch. čerpadla, vakuové pumpy, ventilátory, klima, chlazení",IN,Ventilátory ostatní,"Electric fans, motor > 125 watts",#FEC04C,#4F5E70
841480,Budovy,Technologie pro ohřev a chlazení vzduchu,"Vzduch. čerpadla, vakuové pumpy, ventilátory, klima, chlazení",IN,"Vzduchová čerpadla, kompresory na vzduch nebo<br>jiný plyn a ventilační nebo recirkulační<br>odsávače s ventilátorem, též s ve","Air or gas compressors, hoods",#FEC04C,#4F5E70
841490,Budovy,Technologie pro ohřev a chlazení vzduchu,"Vzduch. čerpadla, vakuové pumpy, ventilátory, klima, chlazení",IN,"Části a součásti vzduchových čerpadel nebo<br>vývěv, kompresorů, ventilátorů na vzduch nebo<br>jiný plyn, ventilačních nebo re","Parts of vacuum pumps, compressors,fans,blowers,hoods",#FEC04C,#4F5E70
841510,Budovy,Technologie pro ohřev a chlazení vzduchu,"Vzduch. čerpadla, vakuové pumpy, ventilátory, klima, chlazení",IN,"Klimatizační zařízení k instalaci do oken,<br>na stěny, stropy nebo v chodbách,<br>s vlastním pohonem nebo ve formě<br>děleného s","Air conditioners window/wall types, self-contained",#FEC04C,#4F5E70
841581,Budovy,Technologie pro ohřev a chlazení vzduchu,"Vzduch. čerpadla, vakuové pumpy, ventilátory, klima, chlazení",IN,"Stroje klimatizační se zař.chladicím,ventilem",Air conditioners nes with reverse cycle refrigeration,#FEC04C,#4F5E70
841582,Budovy,Technologie pro ohřev a chlazení vzduchu,"Vzduch. čerpadla, vakuové pumpy, ventilátory, klima, chlazení",IN,Stroje klimatiz.se zař.chladicím vestavěným,"Air conditioners nes, with refrigerating unit",#FEC04C,#4F5E70
841583,Budovy,Technologie pro ohřev a chlazení vzduchu,"Vzduch. čerpadla, vakuové pumpy, ventilátory, klima, chlazení",IN,Stroje klimatizační bez vestav.zař.chladicího,"Air conditioners nes, without refrigerating unit",#FEC04C,#4F5E70
841590,Budovy,Technologie pro ohřev a chlazení vzduchu,"Vzduch. čerpadla, vakuové pumpy, ventilátory, klima, chlazení",IN,"Části,součásti strojů,přístr.klimatizačních",Parts for air conditioners,#FEC04C,#4F5E70
841780,Zacházení s odpady,"Zacházení s odpady, energetické využití",Průmyslové pece,IN,"Pece průmyslové,laboratorní neelektrické ost.","Industrial furnace, oven, incinerator non-electric ne",#002651,#5CDCED
841790,Zacházení s odpady,"Zacházení s odpady, energetické využití",Průmyslové pece,IN,"Části,součásti pecí průmyslových,laborat.neel",Parts of industrial or laboratory furnaces/ovens,#002651,#5CDCED
841861,Budovy,Technologie pro ohřev a chlazení vzduchu,"Vzduch. čerpadla, vakuové pumpy, ventilátory, klima, chlazení",IN,"Čerpadla tepelná,jiná než klimat.zař.HS 8485",Compression refrigeration equipment with heat exchange,#FEC04C,#4F5E70
841869,Budovy,Technologie pro ohřev a chlazení vzduchu,"Vzduch. čerpadla, vakuové pumpy, ventilátory, klima, chlazení",IN,"Zařízení chladicí,mrazicí ost.",Refrigerating or freezing equipment nes,#FEC04C,#4F5E70
841899,Budovy,Technologie pro ohřev a chlazení vzduchu,"Vzduch. čerpadla, vakuové pumpy, ventilátory, klima, chlazení",IN,"Části,součástí zařízení chladicích,mrazících",Parts of refrigerating or freezing equipment,#FEC04C,#4F5E70
841911,Budovy,Technologie pro ohřev a chlazení vzduchu,Ostatní tepelná technika - budovy,IN,Karmy průtokové plynové,Instantaneous gas water heaters,#FEC04C,#6E95FA
841912,Výroba nízkoemisní elektřiny a paliv,Solární,Křemík / FVE,IN,Solární ohřívače vody,"Solar water heaters, non-electric",#33D3E9,#A379FD
841919,Budovy,Technologie pro ohřev a chlazení vzduchu,Ostatní tepelná technika - budovy,IN,"Neelektrické průtokové nebo zásobníkové ohřívače vody<br>(kromě plynových průtokových ohřívačů vody, solárních<br>ohřívačů vod","Instantaneous/storage water heaters, not electric nes",#FEC04C,#6E95FA
841939,"Výroba surovin, komponent a zařízení pro nízkouhlíkové technologie",Výroba komponent a zařízení pro nízkouhlíkové technologie,Tepelná technologie - průmysl,IN,"Sušicí stroje (kromě lyofilizátorů, jednotek pro<br>sušení vymrazováním, rozprašovacích (sprejových) sušáren, sušicích<br>stro","Non-domestic, non-electric dryers nes",#99E9F4,#99A8B9
841940,"Výroba surovin, komponent a zařízení pro nízkouhlíkové technologie",Výroba komponent a zařízení pro nízkouhlíkové technologie,Tepelná technologie - průmysl,IN,"Přístroje destilační,rektifikační",Distilling or rectifying plant,#99E9F4,#99A8B9
841950,Budovy,Technologie pro ohřev a chlazení vzduchu,Ostatní tepelná technika - budovy,IN,Výměníky tepla,"Heat exchange units, non-domestic, non-electric",#FEC04C,#6E95FA
841960,Ukládání energie,Vodik a čpavek,"Ostatní elektrické stroje, např. k výrobě vodíku / Vodík",IN,Přístroje pro zkapalňování vzduchu aj plynu,Machinery for liquefying air or other gases,#FF976A,#FF7676
841989,"Výroba surovin, komponent a zařízení pro nízkouhlíkové technologie",Výroba komponent a zařízení pro nízkouhlíkové technologie,Tepelná technologie - průmysl,IN,"Stroje,zaříz.ost.k vaření,pražení,chlazení ap",Machinery for treatment by temperature change nes,#99E9F4,#99A8B9
841990,"Výroba surovin, komponent a zařízení pro nízkouhlíkové technologie",Výroba komponent a zařízení pro nízkouhlíkové technologie,Tepelná technologie - průmysl,IN,"Části zařízení laborator,sušicích,ohřívačů ap","Parts, laboratory/industrial heating/cooling machiner",#99E9F4,#99A8B9
842121,Voda a ovzduší,Čištění a filtrování kapalin a plynů,"Filtrování vody, tekutin, plynů (centrifugy)",IN,"Přístroje k filtrování,čištění vody",Water filtering or purifying machinery or apparatus,#A379FD,#FFAAAA
842129,Voda a ovzduší,Čištění a filtrování kapalin a plynů,"Filtrování vody, tekutin, plynů (centrifugy)",IN,"Přístroje k filtrování,čištění tekutin ost.",Filtering/purifying machinery for liquids nes,#A379FD,#FFAAAA
842139,Voda a ovzduší,Čištění a filtrování kapalin a plynů,"Filtrování vody, tekutin, plynů (centrifugy)",IN,"Stroje a přístroje pro filtrování nebo<br>čištění plynů (kromě separátorů isotopů, sacích<br>vzduchových filtrů pro spalovací",Filtering or purifying machinery for gases nes,#A379FD,#FFAAAA
842199,Voda a ovzduší,Čištění a filtrování kapalin a plynů,"Filtrování vody, tekutin, plynů (centrifugy)",IN,"Části a součásti strojů a přístrojů<br>k filtrování nebo čištění kapalin nebo<br>plynů, jinde neuvedené ani nezahrnuté",Parts for filter/purifying machines for liquid/gas,#A379FD,#FFAAAA
842410,Adaptace na dlouhodobé změny a živelné pohromy,"Boj se suchem, požáry, záplavami","Rozprašovače, závlahy, hašení",IN,"Přístroje hasicí,i s náplní","Fire extinguishers, whether or not charged",#205CF7,#003F8C
842449,Adaptace na dlouhodobé změny a živelné pohromy,"Boj se suchem, požáry, záplavami","Rozprašovače, závlahy, hašení",IN,"Rozstřikovače a rozprašovače pro zemědělství nebo<br>zahradnictví, konstruované k namontování na traktory<br>nebo k tažení tra",Mechanical appliances; agricultural or horticultural sprayers; other than portable sprayers,#205CF7,#003F8C
842490,Adaptace na dlouhodobé změny a živelné pohromy,"Boj se suchem, požáry, záplavami","Rozprašovače, závlahy, hašení",IN,"Části přístrojů hasicích,mechan.k stříkání ap",Parts for sprays and powder dispersers,#205CF7,#003F8C
842710,Doprava,Ostatní elektrická doprava,Ostatní doprava elektrická,IN,"Vozíky vidlic.stohovací samohybné,elek.moto","Self-propelled works trucks, electric motor",#5B9EEE,#d52e2e
844120,"Výroba surovin, komponent a zařízení pro nízkouhlíkové technologie",Výroba komponent a zařízení pro nízkouhlíkové technologie,Ostatní stroje,IN,"Stroje k výrobě pytlů,sáčků,obálek","Machines for making paper/board bags, sacks, envelope",#99E9F4,#C3A8FE
844130,"Výroba surovin, komponent a zařízení pro nízkouhlíkové technologie",Výroba komponent a zařízení pro nízkouhlíkové technologie,Ostatní stroje,IN,"Stroje k výr.krabic,pouzder ap,ne tvarováním","Machines making paper/board boxes etc, except moulded",#99E9F4,#C3A8FE
845410,"Výroba surovin, komponent a zařízení pro nízkouhlíkové technologie",Výroba komponent a zařízení pro nízkouhlíkové technologie,Ostatní stroje,IN,Konvertory,Converters used in metallurgy or metal foundries,#99E9F4,#C3A8FE
847420,"Výroba surovin, komponent a zařízení pro nízkouhlíkové technologie",Výroba komponent a zařízení pro nízkouhlíkové technologie,Ostatní stroje,IN,"Stroje,přístr.k lámání,drcení,mletí zemin,rud","Machines to crush or grind stone, ores and minerals",#99E9F4,#C3A8FE
847439,"Výroba surovin, komponent a zařízení pro nízkouhlíkové technologie",Výroba komponent a zařízení pro nízkouhlíkové technologie,Ostatní stroje,IN,"Míchačky,stroje hnětací ost.na hmoty nerostné","Mixing, kneading machines for minerals except bitumen",#99E9F4,#C3A8FE
847940,"Výroba surovin, komponent a zařízení pro nízkouhlíkové technologie",Výroba komponent a zařízení pro nízkouhlíkové technologie,Ostatní stroje,IN,"Stroje k výrobě lan,provazů,kabelů",Rope or cable-making machines,#99E9F4,#C3A8FE
847981,"Výroba surovin, komponent a zařízení pro nízkouhlíkové technologie",Výroba komponent a zařízení pro nízkouhlíkové technologie,Ostatní stroje,IN,"Stroje a mechanická zařízení pro opracování<br>kovů, včetně navíječek elektrických vodičů, jinde<br>neuvedené ani nezahrnuté (","Metal treating machines, electric wire coil-winders",#99E9F4,#C3A8FE
847982,"Výroba surovin, komponent a zařízení pro nízkouhlíkové technologie",Výroba komponent a zařízení pro nízkouhlíkové technologie,Ostatní stroje,IN,"Stroje k hnětení,drcení,třídění,míchání ap,jn","Machines to mix, knead, crush, grind, etc, nes",#99E9F4,#C3A8FE
847989,"Výroba surovin, komponent a zařízení pro nízkouhlíkové technologie",Výroba komponent a zařízení pro nízkouhlíkové technologie,Ostatní stroje,IN,"Stroje a mechanická zařízení, jinde neuvedené<br>ani nezahrnuté",Machines and mechanical appliances nes,#99E9F4,#C3A8FE
847990,"Výroba surovin, komponent a zařízení pro nízkouhlíkové technologie",Výroba komponent a zařízení pro nízkouhlíkové technologie,Ostatní stroje,IN,"Části a součásti strojů a mechanických<br>zařízení, jinde neuvedené ani nezahrnuté",Parts of machines and mechanical appliances nes,#99E9F4,#C3A8FE
848110,Voda a ovzduší,"Distribuce vody, odpadní vody, voda v krajině",Ventily,IN,Ventily redukční,"Valves, pressure reducing",#A379FD,#8EE0C7
848130,Voda a ovzduší,"Distribuce vody, odpadní vody, voda v krajině",Ventily,IN,Ventily zpětné,"Valves, check",#A379FD,#8EE0C7
848140,Voda a ovzduší,"Distribuce vody, odpadní vody, voda v krajině",Ventily,IN,"Ventily pojistné,odvzdušňovací","Valves, safety or relief",#A379FD,#8EE0C7
848180,Voda a ovzduší,"Distribuce vody, odpadní vody, voda v krajině",Ventily,IN,Kohouty aj výrobky armaturní pro potrubí<br>ap,"Taps, cocks, valves and similar appliances, nes",#A379FD,#8EE0C7
848210,Výroba nízkoemisní elektřiny a paliv,Větrná / mechanická energie,"Ložiska, hřídele, převody, spojky",IN,Ložiska kuličková,"Bearings, ball",#33D3E9,#FFBB9E
848220,Výroba nízkoemisní elektřiny a paliv,Větrná / mechanická energie,"Ložiska, hřídele, převody, spojky",IN,"Ložiska kuželíková vč souborů válečk,kuželík.","Bearings, tapered roller, including assemblies",#33D3E9,#FFBB9E
848230,Výroba nízkoemisní elektřiny a paliv,Větrná / mechanická energie,"Ložiska, hřídele, převody, spojky",IN,Ložiska soudečková,"Bearings, spherical roller",#33D3E9,#FFBB9E
848240,Výroba nízkoemisní elektřiny a paliv,Větrná / mechanická energie,"Ložiska, hřídele, převody, spojky",IN,Ložiska jehlová,"Bearings, needle roller",#33D3E9,#FFBB9E
848250,Výroba nízkoemisní elektřiny a paliv,Větrná / mechanická energie,"Ložiska, hřídele, převody, spojky",IN,Ložiska válečková ostatní,"Bearings, cylindrical roller, nes",#33D3E9,#FFBB9E
848280,Výroba nízkoemisní elektřiny a paliv,Větrná / mechanická energie,"Ložiska, hřídele, převody, spojky",IN,"Ložiska ost.vč kombin.kuličkových,válečkových","Bearings, ball or roller, nes, including combinations",#33D3E9,#FFBB9E
848291,Výroba nízkoemisní elektřiny a paliv,Větrná / mechanická energie,"Ložiska, hřídele, převody, spojky",IN,"Kuličky,jehly,válečky","Balls, needles and rollers for bearings",#33D3E9,#FFBB9E
848299,Výroba nízkoemisní elektřiny a paliv,Větrná / mechanická energie,"Ložiska, hřídele, převody, spojky",IN,"Části,součásti ložisek ostatní","Bearing parts, nes",#33D3E9,#FFBB9E
848310,Výroba nízkoemisní elektřiny a paliv,Větrná / mechanická energie,"Ložiska, hřídele, převody, spojky",IN,"Hřídele převodové(vč vačkových,klik.),kliky","Transmission shafts and cranks, cam and crank shafts",#33D3E9,#FFBB9E
848320,Výroba nízkoemisní elektřiny a paliv,Větrná / mechanická energie,"Ložiska, hřídele, převody, spojky",IN,"Pouzdra ložisková s ložisky kuličk,válečkov.",Bearing housings etc incorporating ball/roller bearin,#33D3E9,#FFBB9E
848330,Výroba nízkoemisní elektřiny a paliv,Větrná / mechanická energie,"Ložiska, hřídele, převody, spojky",IN,"Pouzdra ložisková bez ložisek,pánve ložiskové","Bearing housings, shafts, without ball/roller bearing",#33D3E9,#FFBB9E
848340,Výroba nízkoemisní elektřiny a paliv,Větrná / mechanická energie,"Ložiska, hřídele, převody, spojky",IN,"Kola,převody ozubené,šrouby kuličk,převodovky","Gearing, ball screws, speed changers, torque converte",#33D3E9,#FFBB9E
848350,Výroba nízkoemisní elektřiny a paliv,Větrná / mechanická energie,"Ložiska, hřídele, převody, spojky",IN,"Setrvačníky,řemenice vč kladnic ke kladkostr.",Flywheels and pulleys including pulley blocks,#33D3E9,#FFBB9E
848360,Výroba nízkoemisní elektřiny a paliv,Větrná / mechanická energie,"Ložiska, hřídele, převody, spojky",IN,"Spojky,i hřídelové(vč kloubů kardanových)","Clutches, shaft couplings, universal joints",#33D3E9,#FFBB9E
848390,Výroba nízkoemisní elektřiny a paliv,Větrná / mechanická energie,"Ložiska, hřídele, převody, spojky",IN,"Části hřídelí převod,kol,převodů ozub,spojek",Parts of power transmission etc equipment,#33D3E9,#FFBB9E
848510,"Výroba, nízkoemisní výrobní postupy",Výrobní postupy s nižší materiálovou náročností,Stroje pro aditivní výrobu,IN,Stroje pro aditivní výrobu nanášením vrstev<br>kovu,Machines for additive manufacturing; by metal deposit,#1CC08F,#D1BCFE
848520,"Výroba, nízkoemisní výrobní postupy",Výrobní postupy s nižší materiálovou náročností,Stroje pro aditivní výrobu,IN,Stroje pro aditivní výrobu nanášením vrstev<br>plastů nebo kaučuku,Additive manufacturing machines for plastics/rubber,#1CC08F,#D1BCFE
848530,"Výroba, nízkoemisní výrobní postupy",Výrobní postupy s nižší materiálovou náročností,Stroje pro aditivní výrobu,IN,"Stroje pro aditivní výrobu nanášením vrstev<br>sádry, cementu, keramiky nebo skla",Additive manufacturing machines for plaster/cement/ceramics/glass,#1CC08F,#D1BCFE
848580,"Výroba, nízkoemisní výrobní postupy",Výrobní postupy s nižší materiálovou náročností,Stroje pro aditivní výrobu,IN,"Stroje pro aditivní výrobu (kromě těch<br>nanášením vrstev kovu, plastů, kaučuku, sádry,<br>cementu, keramiky nebo skla)",Additive manufacturing machines for non-metal/non-plastic materials,#1CC08F,#D1BCFE
848590,"Výroba, nízkoemisní výrobní postupy",Výrobní postupy s nižší materiálovou náročností,Stroje pro aditivní výrobu,IN,Části a součásti strojů pro aditivní<br>výrobu,Machines parts for additive manufacturing,#1CC08F,#D1BCFE
848790,"Výroba surovin, komponent a zařízení pro nízkouhlíkové technologie",Výroba komponent a zařízení pro nízkouhlíkové technologie,Ostatní stroje,IN,"Části,souč.strojů,přístr,neobs.el.prvky,jn,ost.","Machinery parts: not containing electrical connectors, insulators, coils, contacts or other electrical features, n.e.c. in chapter 84",#99E9F4,#C3A8FE
850110,"Výroba, nízkoemisní výrobní postupy",Elektrifikace výrobních postupů,Elektrické motory,IN,"Motory elektrické,do 37,5W",Electric motors of an output < 37.5 watts,#1CC08F,#205CF7
850120,"Výroba, nízkoemisní výrobní postupy",Elektrifikace výrobních postupů,Elektrické motory,IN,"Motory el.univ,stejnos,stříd.proud,nad 37,5W",Universal AC/DC motors of an output < 37.5 watts,#1CC08F,#205CF7
850131,"Výroba, nízkoemisní výrobní postupy",Elektrifikace výrobních postupů,Elektrické motory,IN,"Motory na stejnosměrný proud s výkonem<br>> 37,5 W, avšak <= 750<br>W a generátory stejnosměrného proudu s<br>výkonem <= 750 W (k","DC motors, DC generators, of an output < 750 watts",#1CC08F,#205CF7
850132,"Výroba, nízkoemisní výrobní postupy",Elektrifikace výrobních postupů,Elektrické motory,IN,"Motory na stejnosměrný proud a generátory<br>stejnosměrného proudu, s výkonem > 750<br>W, avšak <= 75 kW (kromě<br>fotovoltaickýc","DC motors, DC generators, of an output 0.75-75 kW",#1CC08F,#205CF7
850133,"Výroba, nízkoemisní výrobní postupy",Elektrifikace výrobních postupů,Elektrické motory,IN,"Motory na stejnosměrný proud a generátory<br>stejnosměrného proudu, s výkonem > 75<br>kW, avšak <= 375 kW (kromě<br>fotovoltaický","DC motors, DC generators, of an output 75-375 kW",#1CC08F,#205CF7
850134,"Výroba, nízkoemisní výrobní postupy",Elektrifikace výrobních postupů,Elektrické motory,IN,"Motory na stejnosměrný proud a generátory<br>stejnosměrného proudu, s výkonem > 375<br>kW (kromě fotovoltaických generátorů)","DC motors, DC generators, of an output >375 kW",#1CC08F,#205CF7
850140,"Výroba, nízkoemisní výrobní postupy",Elektrifikace výrobních postupů,Elektrické motory,IN,"Motory elektrické jednofázové,střídavý proud","AC motors, single-phase, nes",#1CC08F,#205CF7
850151,"Výroba, nízkoemisní výrobní postupy",Elektrifikace výrobních postupů,Elektrické motory,IN,"Motory el.vícefázové,střídavý proud,do 750W","AC motors, multi-phase, of an output < 750 Watts",#1CC08F,#205CF7
850152,"Výroba, nízkoemisní výrobní postupy",Elektrifikace výrobních postupů,Elektrické motory,IN,"Motory el.vícefázové,střídavý proud,750W-75kW","AC motors, multi-phase, of an output 0.75-75 kW",#1CC08F,#205CF7
850153,"Výroba, nízkoemisní výrobní postupy",Elektrifikace výrobních postupů,Elektrické motory,IN,"Motory el.vícefázové,střídavý proud,nad 75kW","AC motors, multi-phase, of an output > 75 kW",#1CC08F,#205CF7
850161,"Výroba, nízkoemisní výrobní postupy",Elektrifikace výrobních postupů,Elektrické motory,IN,"Generátory,stříd.proud(alternátory),do 75kVA","AC generators, of an output < 75 kVA",#1CC08F,#205CF7
850162,"Výroba, nízkoemisní výrobní postupy",Elektrifikace výrobních postupů,Elektrické motory,IN,"Generátory,stříd.proud(alternátory),75-375kVA","AC generators, of an output 75-375 kVA",#1CC08F,#205CF7
850163,"Výroba, nízkoemisní výrobní postupy",Elektrifikace výrobních postupů,Elektrické motory,IN,"Generátory,stříd.proud(alternátor),375-750kVA","AC generators, of an output 375-750 kVA",#1CC08F,#205CF7
850164,"Výroba, nízkoemisní výrobní postupy",Elektrifikace výrobních postupů,Elektrické motory,IN,"Generátory,stříd.proud(alternátor),nad 750KVA","AC generators, of an output > 750 kVA",#1CC08F,#205CF7
850171,"Výroba, nízkoemisní výrobní postupy",Elektrifikace výrobních postupů,Elektrické motory,IN,"Fotovoltaické generátory stejnosměrného proudu, s výkonem<br><= 50 W",Photovoltaic DC generators <= 50W,#1CC08F,#205CF7
850172,"Výroba, nízkoemisní výrobní postupy",Elektrifikace výrobních postupů,Elektrické motory,IN,"Fotovoltaické generátory stejnosměrného proudu, s výkonem<br>> 50 W",Photovoltaic DC generators > 50W,#1CC08F,#205CF7
850180,"Výroba, nízkoemisní výrobní postupy",Elektrifikace výrobních postupů,Elektrické motory,IN,Fotovoltaické generátory střídavého proudu,Photovoltaic AC generators (alternators),#1CC08F,#205CF7
850231,"Výroba, nízkoemisní výrobní postupy",Elektrifikace výrobních postupů,Elektrické generátory,IN,"Elektrická generátorová soustrojí, poháněná v",Wind-Powered Electric Generators,#1CC08F,#ED4FDD
850239,"Výroba, nízkoemisní výrobní postupy",Elektrifikace výrobních postupů,Elektrické generátory,IN,"Ost.el.generátorová soustrojí, turbogeneráto",Electric Generators (not powered by traditional engines or wind),#1CC08F,#ED4FDD
850240,"Výroba, nízkoemisní výrobní postupy",Elektrifikace výrobních postupů,Elektrické generátory,IN,Měniče rotační elektrické,Electric rotary converters,#1CC08F,#ED4FDD
850300,"Výroba, nízkoemisní výrobní postupy",Elektrifikace výrobních postupů,Elektrické motory,IN,"Části motorů el,generátorů,generát.soustrojí",Parts for electric motors and generators,#1CC08F,#205CF7
850410,Energetické sítě,Distribuce a přenos elektřiny,Elektrické sítě a prvky,IN,"Odpory(předřadníky)pro výbojky,trubice výbojk",Ballasts for discharge lamps or tubes,#ED4FDD,#FF5555
850421,Energetické sítě,Distribuce a přenos elektřiny,Elektrické sítě a prvky,IN,"Transformátory s kapalin.dielektrik,do 650kVA",Liquid dielectric transformers < 650 KVA,#ED4FDD,#FF5555
850422,Energetické sítě,Distribuce a přenos elektřiny,Elektrické sítě a prvky,IN,"Transformátory s kapalin.dielekt,650-10000kVA","Liquid dielectric transformers 650-10,000KVA",#ED4FDD,#FF5555
850423,Energetické sítě,Distribuce a přenos elektřiny,Elektrické sítě a prvky,IN,"Transformátory s kapalin.dielekt,nad 10000kVA","Liquid dielectric transformers > 10,000 KVA",#ED4FDD,#FF5555
850431,Energetické sítě,Distribuce a přenos elektřiny,Elektrické sítě a prvky,IN,"Transformátory do 1kVA,bez kapal.dielektrika","Transformers electric, power capacity < 1 KVA, nes",#ED4FDD,#FF5555
850432,Energetické sítě,Distribuce a přenos elektřiny,Elektrické sítě a prvky,IN,"Transformátory 1-16kVA,bez kapal.dielektrika","Transformers electric, power capacity 1-16 KVA, nes",#ED4FDD,#FF5555
850433,Energetické sítě,Distribuce a přenos elektřiny,Elektrické sítě a prvky,IN,"Transformátory 16-500kVA,bez kapal.dielektr.","Transformers electric, power capacity 16-500 KVA",#ED4FDD,#FF5555
850434,Energetické sítě,Distribuce a přenos elektřiny,Elektrické sítě a prvky,IN,"Transformátory nad 500kVA,bez kapal.dielektr.","Transformers electric, power capacity > 500 KVA, nes",#ED4FDD,#FF5555
850440,Energetické sítě,Distribuce a přenos elektřiny,Elektrické sítě a prvky,IN,Měniče statické(např.usměrňovače),"Static converters, nes",#ED4FDD,#FF5555
850450,Energetické sítě,Distribuce a přenos elektřiny,Elektrické sítě a prvky,IN,Induktory ostatní,"Inductors, electric",#ED4FDD,#FF5555
850490,Energetické sítě,Distribuce a přenos elektřiny,Elektrické sítě a prvky,IN,"Části odporů,transformátorů,měničů,iduktorů",Parts of electrical transformers and inductors,#ED4FDD,#FF5555
850511,"Výroba, nízkoemisní výrobní postupy",Elektrifikace výrobních postupů,Elektromagnety,IN,"Magnety permanentní,výr.k zmagnetizov,kovové","Metal permanent magnets, articles intended as magnets",#1CC08F,#FF976A
850519,"Výroba, nízkoemisní výrobní postupy",Elektrifikace výrobních postupů,Elektromagnety,IN,"Magnety permanentní,výr.k zmagnetiz,ne kovové","Permanent magnets & articles intended as magnets, nes",#1CC08F,#FF976A
850520,"Výroba, nízkoemisní výrobní postupy",Elektrifikace výrobních postupů,Elektromagnety,IN,"Spojky,převody,brzdy elektromagnetické","Electro-magnetic couplings, clutches and brakes",#1CC08F,#FF976A
850590,"Výroba, nízkoemisní výrobní postupy",Elektrifikace výrobních postupů,Elektromagnety,IN,"Zařízení upínací s magnety,části magnetů ap",Electro-magnets nes and parts of magnetic devices,#1CC08F,#FF976A
850610,Ukládání energie,Baterie,Galvanické baterie,IN,Galv.články a baterie na bázi oxidu<br>manganiči,Manganese Dioxide Batteries,#FF976A,#F38CE9
850630,Ukládání energie,Baterie,Galvanické baterie,IN,Galvan. články a baterie na bázi<br>oxidu rtuťna,Mercuric Oxide Batteries,#FF976A,#F38CE9
850640,Ukládání energie,Baterie,Galvanické baterie,IN,Galvan. články a baterie na bázi<br>oxidu stří,Silver Oxide Batteries,#FF976A,#F38CE9
850650,Ukládání energie,Baterie,Lithium / baterie,IN,Galvanické články a baterie lithiové,Lithium Batteries,#FF976A,#670000
850660,Ukládání energie,Baterie,Galvanické baterie,IN,Galvanické články a baterie zinkovzdušné,Air-Zinc Batteries,#FF976A,#F38CE9
850680,Ukládání energie,Baterie,Galvanické baterie,IN,Ostatní galvanické články a baterie,Miscellaneous Primary Batteries (excluding listed types),#FF976A,#F38CE9
850690,Ukládání energie,Baterie,Galvanické baterie,IN,"Části,součásti článků galvanických,baterií",Parts of primary cells and primary batteries,#FF976A,#F38CE9
850720,Ukládání energie,Baterie,"Elektrické akumulátory, baterie",IN,Akumulátory elektrické olověné ost.,Lead-acid electric accumulators except for vehicles,#FF976A,#FF9090
850730,Ukládání energie,Baterie,"Elektrické akumulátory, baterie",IN,Akumulátory elektrické niklo-kadmiové,Nickel-cadmium electric accumulators,#FF976A,#FF9090
850750,Ukládání energie,Baterie,"Elektrické akumulátory, baterie",IN,Nikl-metal-hydridové akumulátory,"Electric accumulators: nickel-metal hydride, including separators, whether or not rectangular (including square)",#FF976A,#FF9090
850760,Ukládání energie,Baterie,Lithium / baterie,IN,Lithium-iontové akumulátory,"Electric accumulators: lithium-ion, including separators, whether or not rectangular (including square)",#FF976A,#670000
850780,Ukládání energie,Baterie,"Elektrické akumulátory, baterie",IN,"Elektrické akumulátory (kromě nepoužitelných, olověných, niklo-kadmiových,<br>nikl-metal-hydridových a lithium-iontových ak","Electric accumulators, nes",#FF976A,#FF9090
850790,Ukládání energie,Baterie,"Elektrické akumulátory, baterie",IN,"Části,součásti akumulátorů elektr,separátorů","Parts of electric accumulators, including separators",#FF976A,#FF9090
851411,"Výroba, nízkoemisní výrobní postupy",Elektrifikace výrobních postupů,Elektrické pece,IN,Lisy pro izostatické lisování za tepla,Electric resistance heated furnaces; hot isostatic presses,#1CC08F,#33D3E9
851419,"Výroba, nízkoemisní výrobní postupy",Elektrifikace výrobních postupů,Elektrické pece,IN,Průmyslové nebo laboratorní pece vyhřívané působením<br>odporů (kromě lisů pro izostatické lisování<br>za tepla a těch pro vý,Electric resistance furnaces for semiconductor manufacturing,#1CC08F,#33D3E9
851420,"Výroba, nízkoemisní výrobní postupy",Elektrifikace výrobních postupů,Elektrické pece,IN,"Pece el.indukční,dielektrické průmysl,laborat","Industrial electric induction, dielectric furnace/ove",#1CC08F,#33D3E9
851431,"Výroba, nízkoemisní výrobní postupy",Elektrifikace výrobních postupů,Elektrické pece,IN,Pece s elektronovým svazkem,Electric electron beam furnaces,#1CC08F,#33D3E9
851432,"Výroba, nízkoemisní výrobní postupy",Elektrifikace výrobních postupů,Elektrické pece,IN,Plazmové a vakuové obloukové pece,Electric plasma and vacuum arc furnaces,#1CC08F,#33D3E9
851439,"Výroba, nízkoemisní výrobní postupy",Elektrifikace výrobních postupů,Elektrické pece,IN,"Elektrické průmyslové nebo laboratorní pece (kromě<br>pecí vyhřívaných působením odporů, pecí pracujících<br>indukčně nebo die",Electric furnaces; excluding electron beam/plasma/vacuum arc,#1CC08F,#33D3E9
851440,"Výroba, nízkoemisní výrobní postupy",Elektrifikace výrobních postupů,Elektrické pece,IN,"Průmyslová indukční/dielektrická topná zařízení, j.n.",Industrial induction/dielectric heating equipment nes,#1CC08F,#33D3E9
851490,"Výroba, nízkoemisní výrobní postupy",Elektrifikace výrobních postupů,Elektrické pece,IN,"Části pecí aj zařízení elektr.průmysl,laborat",Parts of industrial/etc electric furnaces/ovens nes,#1CC08F,#33D3E9
853010,Měřící a diagnostické přístroje; Monitoring,Signalizace,Signalizace,IN,"Přístr.el.signaliz.ap pro dopravu želez,tram.","Electric signal, safety & traffic controls, railway",#202C3B,#FFD5C3
853090,Měřící a diagnostické přístroje; Monitoring,Signalizace,Signalizace,IN,"Části přístrojů el.signal,bezpečn.pro dopravu","Electric signal, safety & traffic controller parts",#202C3B,#FFD5C3
853120,Měřící a diagnostické přístroje; Monitoring,Signalizace,Signalizace,IN,Návěstní panely se zabudovanými zařízeními z<br>kapalných krystalů (LCD) nebo diodami vyzařujícími<br>světlo (LED) (kromě pro,Indicator panels incorporating electronic displays,#202C3B,#FFD5C3
853210,Energetické sítě,Distribuce a přenos elektřiny,Elektrické sítě a prvky,IN,"Kondenz.el.pevné(silové),50/60Hz,nad 0,5kVa",Fixed power capacitors (50/60 herz circuits),#ED4FDD,#FF5555
853221,Energetické sítě,Distribuce a přenos elektřiny,Elektrické sítě a prvky,IN,Kondenzátory elektrické pevné tantalové,"Electric capacitors, fixed, tantalum, nes",#ED4FDD,#FF5555
853222,Energetické sítě,Distribuce a přenos elektřiny,Elektrické sítě a prvky,IN,Kondenzátory el.pevné alumin.s elektrolytem,"Electric capacitors, fixed, aluminium electrolytic ne",#ED4FDD,#FF5555
853223,Energetické sítě,Distribuce a přenos elektřiny,Elektrické sítě a prvky,IN,"Kondenzátory el.pevné,keram.dielektr,jednovrs","Electric capacitors, fixed, ceramic, single layer",#ED4FDD,#FF5555
853224,Energetické sítě,Distribuce a přenos elektřiny,Elektrické sítě a prvky,IN,"Kondenzátory el.pevné,keram.dielektr,vícevrst","Electric capacitors, fixed, ceramic, multilayer,",#ED4FDD,#FF5555
853225,Energetické sítě,Distribuce a přenos elektřiny,Elektrické sítě a prvky,IN,"Kondenzátory el.pevné,papírové,plast.dielekt","Electric capacitors, fixed, paper/plastic dielectric",#ED4FDD,#FF5555
853229,Energetické sítě,Distribuce a přenos elektřiny,Elektrické sítě a prvky,IN,Kondenzátory elektrické pevné ostatní,"Electric capacitors, fixed, nes",#ED4FDD,#FF5555
853230,Energetické sítě,Distribuce a přenos elektřiny,Elektrické sítě a prvky,IN,"Kondenzátory elektrické otočné,dolaďovací","Electric capacitors, variable or adjustable (pre-set)",#ED4FDD,#FF5555
853290,Energetické sítě,Distribuce a přenos elektřiny,Elektrické sítě a prvky,IN,"Části kondenzátorů el.pevných,otočných,dolaď.",Parts of electrical capacitors,#ED4FDD,#FF5555
853310,Energetické sítě,Distribuce a přenos elektřiny,Elektrické sítě a prvky,IN,"Odpory uhlíkové stálé,aglomerované,vrstvené","Electrical resistors, fixed carbon",#ED4FDD,#FF5555
853321,Energetické sítě,Distribuce a přenos elektřiny,Elektrické sítě a prvky,IN,"Odpory stálé,do 20W","Electrical resistors fixed, power capacity < 20 watt",#ED4FDD,#FF5555
853329,Energetické sítě,Distribuce a přenos elektřiny,Elektrické sítě a prvky,IN,"Odpory stálé,nad 20W","Electrical resistors, fixed, except heating, > 20 wat",#ED4FDD,#FF5555
853331,Energetické sítě,Distribuce a přenos elektřiny,Elektrické sítě a prvky,IN,"Odpory proměnné drátové,vč reostatů ap,do 20W","Wirewound variable resistors, rheostats, etc, <20 wat",#ED4FDD,#FF5555
853339,Energetické sítě,Distribuce a přenos elektřiny,Elektrické sítě a prvky,IN,"Odpory proměn.drátové,vč reostatů ap,nad 20W","Wirewound variable resistors, rheostats, etc > 20 wat",#ED4FDD,#FF5555
853340,Energetické sítě,Distribuce a přenos elektřiny,Elektrické sítě a prvky,IN,"Odpory proměn.drátové,vč reostatů,potenc,ost.","Variable resistors, rheostats and potentiometers, nes",#ED4FDD,#FF5555
853390,Energetické sítě,Distribuce a přenos elektřiny,Elektrické sítě a prvky,IN,"Části odporů elektr,reostatů,potenciometrů","Parts of electrical resistors, rheostats, etc",#ED4FDD,#FF5555
853400,Energetické sítě,Distribuce a přenos elektřiny,Elektrické sítě a prvky,IN,Obvody tištěné,Electronic printed circuits,#ED4FDD,#FF5555
853510,Energetické sítě,Distribuce a přenos elektřiny,Elektrické sítě a prvky,IN,"Pojistky,nad 1000V","Electrical fuses, for voltage > 1kV",#ED4FDD,#FF5555
853521,Energetické sítě,Distribuce a přenos elektřiny,Elektrické sítě a prvky,IN,"Vypínače elektr.obvodů automatické,do 72,5kV",Automatic circuit breakers for voltage 1-72.5 kV,#ED4FDD,#FF5555
853529,Energetické sítě,Distribuce a přenos elektřiny,Elektrické sítě a prvky,IN,"Vypínače elektr.obvodů automatické,nad 72,5kV",Automatic circuit breakers for voltage > 72.5 kV,#ED4FDD,#FF5555
853530,Energetické sítě,Distribuce a přenos elektřiny,Elektrické sítě a prvky,IN,"Odpojovače,vypínače zátěže,nad 1000V","Isolating and make-and-break switches, voltage >1 kV",#ED4FDD,#FF5555
853540,Energetické sítě,Distribuce a přenos elektřiny,Elektrické sítě a prvky,IN,"Bleskojistky,omezovače napětí,proudu,nad1000V",Lightning arresters & voltage or surge limiters > 1kV,#ED4FDD,#FF5555
853590,Energetické sítě,Distribuce a přenos elektřiny,Elektrické sítě a prvky,IN,"Zařízení el.k ochraně,spínání el.obvodů,>1000V,ost.","Electrical apparatus for voltage > 1kV, nes",#ED4FDD,#FF5555
853620,Energetické sítě,Distribuce a přenos elektřiny,Elektrické sítě a prvky,IN,"Vypínače elektr.obvodů automatické,do 1000V","Automatic circuit breakers for < 1,000 volts",#ED4FDD,#FF5555
853650,Energetické sítě,Distribuce a přenos elektřiny,Elektrické sítě a prvky,IN,"Vypínače ostatní,do 1000V","Electrical switches for < 1,000 volts, nes",#ED4FDD,#FF5555
853670,Energetické sítě,Distribuce a přenos elektřiny,Elektrické sítě a prvky,IN,"Konektory pro opt.vlákna,jejich svazky a kabely<br>z opt.vláken","Connectors for optical fibres, optical fibre bundles or cables",#ED4FDD,#FF5555
853690,Energetické sítě,Distribuce a přenos elektřiny,Elektrické sítě a prvky,IN,"Zařízení el.k ochraně,spínání el.obvodů,<1000V,ost.","Electrical switch, protector, connecter for < 1kV nes",#ED4FDD,#FF5555
853710,Energetické sítě,Distribuce a přenos elektřiny,Elektrické sítě a prvky,IN,"Rozvaděče ap pro zařízení,rozvody el,do 1000V","Electrical control and distribution boards, < 1kV",#ED4FDD,#FF5555
853720,Energetické sítě,Distribuce a přenos elektřiny,Elektrické sítě a prvky,IN,"Rozvaděče ap pro zaříz,rozvody el,nad 1000V","Electrical control and distribution boards, > 1kV",#ED4FDD,#FF5555
853810,Energetické sítě,Distribuce a přenos elektřiny,Elektrické sítě a prvky,IN,"Rozvaděče,panely rozvodné ap bez přístrojů","Elictrical boards, panels, etc, not equipped",#ED4FDD,#FF5555
853890,Energetické sítě,Distribuce a přenos elektřiny,Elektrické sítě a prvky,IN,"Části přístrojů k ochraně el.obvodů,rozvaděčů","Parts, electric switches, protectors & connectors nes",#ED4FDD,#FF5555
853931,Budovy,Snižování energetické náročnosti budov,Svícení,IN,"Výbojky fluorescen,s horkou katodou,ne ultraf","Fluorescent lamps, hot cathode",#FEC04C,#99E9F4
853951,Budovy,Snižování energetické náročnosti budov,Svícení,IN,LED moduly,LED light sources and modules,#FEC04C,#99E9F4
853952,Budovy,Snižování energetické náročnosti budov,Svícení,IN,LED světelné zdroje s paticí,LED light sources and lamps,#FEC04C,#99E9F4
854141,Budovy,Snižování energetické náročnosti budov,Svícení,IN,Diody vyzařující světlo (LED),Photosensitive devices; LEDs,#FEC04C,#99E9F4
854142,Výroba nízkoemisní elektřiny a paliv,Solární,Křemík / FVE,IN,Fotovoltaické články nesestavené do modulů ani<br>nezabudované do panelů,Photosensitive devices; unassembled photovoltaic cells,#33D3E9,#A379FD
854143,Výroba nízkoemisní elektřiny a paliv,Solární,Křemík / FVE,IN,Fotovoltaické články sestavené do modulů nebo<br>zabudované do panelů,Photosensitive devices; assembled photovoltaic modules/panels,#33D3E9,#A379FD
854149,Měřící a diagnostické přístroje; Monitoring,Polovodiče,Polovodiče,IN,Fotosenzitivní polovodičová zařízení (kromě fotovoltaických generátorů<br>a fotovoltaických článků),"Photosensitive devices; non-LED diodes, with/without assembled modules/panels",#202C3B,#FFAC88
854151,Měřící a diagnostické přístroje; Monitoring,Polovodiče,Polovodiče,IN,Měniče na bázi polovodičů (kromě těch<br>fotosenzitivních),Photosensitive devices; semiconductor transducers,#202C3B,#FFAC88
854159,Měřící a diagnostické přístroje; Monitoring,Polovodiče,Polovodiče,IN,"Polovodičová zařízení, jinde neuvedená ani nezahrnutá","Photosensitive devices; other than diodes, transistors, LEDs, piezoelectric crystals",#202C3B,#FFAC88
854190,Měřící a diagnostické přístroje; Monitoring,Polovodiče,Polovodiče,IN,"Části diod,tranzistorů ap,svítivek,krystalů",Parts of semiconductor devices and similar devices,#202C3B,#FFAC88
854330,Ukládání energie,Vodik a čpavek,"Ostatní elektrické stroje, např. k výrobě vodíku / Vodík",IN,"Stroje k galv.pokovení,elektroanalýze,-foréze","Apparatus for electro-plating, electrolysis, etc",#FF976A,#FF7676
854370,Ukládání energie,Vodik a čpavek,"Ostatní elektrické stroje, např. k výrobě vodíku / Vodík",IN,"Elektrické stroje a přístroje s vlastní<br>individuální funkcí, jinde v kapitole 85<br>neuvedené ani nezahrnuté","Electrical machines and apparatus: having individual functions, not specified or included elsewhere in this chapter, n.e.c. in heading no. 8543",#FF976A,#FF7676
854390,Ukládání energie,Vodik a čpavek,"Ostatní elektrické stroje, např. k výrobě vodíku / Vodík",IN,"Části a součásti elektrických strojů a<br>přístrojů s vlastní individuální funkcí, jinde<br>v kapitole 85 neuvedené ani nezah",Parts of electrical machines and apparatus nes,#FF976A,#FF7676
854411,Energetické sítě,Distribuce a přenos elektřiny,Elektrické sítě a prvky,IN,Dráty k navíjení měděné,Insulated winding wire of copper,#ED4FDD,#FF5555
854419,Energetické sítě,Distribuce a přenos elektřiny,Elektrické sítě a prvky,IN,"Dráty k navíjení,ne měděné","Insulated winding wire, nes",#ED4FDD,#FF5555
854442,Energetické sítě,Distribuce a přenos elektřiny,Elektrické sítě a prvky,IN,"Vodiče elektrické,<1000V,s přípojkami","Insulated electric conductors: for a voltage not exceeding 1000 volts, fitted with connectors",#ED4FDD,#FF5555
854449,Energetické sítě,Distribuce a přenos elektřiny,Elektrické sítě a prvky,IN,"Vodiče elektrické,<1000V,bez přípojek","Electric conductors, nes < 80 volts, no connectors",#ED4FDD,#FF5555
854460,Energetické sítě,Distribuce a přenos elektřiny,Elektrické sítě a prvky,IN,"Vodiče elektrické,>1000V","Electric conductors, for over 1,000 volts, nes",#ED4FDD,#FF5555
854610,Energetické sítě,Distribuce a přenos elektřiny,Elektrické sítě a prvky,IN,Izolátory elektrické skleněné,Electrical insulators of glass,#ED4FDD,#FF5555
854620,Energetické sítě,Distribuce a přenos elektřiny,Elektrické sítě a prvky,IN,Izolátory elektrické keramické,Electrical insulators of ceramics,#ED4FDD,#FF5555
854690,Energetické sítě,Distribuce a přenos elektřiny,Elektrické sítě a prvky,IN,"Izolátory elektrické,ne skleněné,keramické","Electrical insulators, except glass/ceramics",#ED4FDD,#FF5555
854710,Energetické sítě,Distribuce a přenos elektřiny,Elektrické sítě a prvky,IN,Součásti izolační keramické pro elektr.stroje,Electrical insulating fittings of ceramics,#ED4FDD,#FF5555
854720,Energetické sítě,Distribuce a přenos elektřiny,Elektrické sítě a prvky,IN,Součásti izolační z plastů pro elektr.stroje,Electrical insulating fittings of plastics,#ED4FDD,#FF5555
854790,Energetické sítě,Distribuce a přenos elektřiny,Elektrické sítě a prvky,IN,"Trubky izolační z ob.kovů,souč.izolační ost.",Electrical insulating fittings except plastic/ceramic,#ED4FDD,#FF5555
854800,Ukládání energie,Vodik a čpavek,"Ostatní elektrické stroje, např. k výrobě vodíku / Vodík",IN,"Elektrické části a součásti strojů nebo<br>přístrojů, jinde neuvedené ani nezahrnuté v<br>kapitole 85",Unspecified electrical machinery parts,#FF976A,#FF7676
854911,Cirkularita,Cirkularita (výrobní a obalová),Elektronický odpad,IN,"Odpad a zbytky olověných akumulátorů, nepoužitelné<br>olověné akumulátory",Lead-acid accumulator scrap; spent accumulators,#FFAAAA,#FFE6B7
854912,Cirkularita,Cirkularita (výrobní a obalová),Elektronický odpad,IN,"Galvanické články, baterie a elektrické akumulátory:<br>nepoužitelné zboží, odpad a zbytky, obsahující<br>olovo, kadmium nebo","Battery scrap containing lead, cadmium, or mercury, excluding lead-acid",#FFAAAA,#FFE6B7
854913,Cirkularita,Cirkularita (výrobní a obalová),Elektronický odpad,IN,"Galvanické články, baterie a elektrické akumulátory:<br>nepoužitelné zboží, odpad a zbytky, roztříděné<br>podle chemického typ","Battery scrap sorted, free of lead, cadmium, mercury",#FFAAAA,#FFE6B7
854914,Cirkularita,Cirkularita (výrobní a obalová),Elektronický odpad,IN,"Galvanické články, baterie a elektrické akumulátory:<br>nepoužitelné zboží, odpad a zbytky, neroztříděné<br>a neobsahující olo","Battery scrap unsorted, free of lead, cadmium, mercury",#FFAAAA,#FFE6B7
854919,Cirkularita,Cirkularita (výrobní a obalová),Elektronický odpad,IN,"Galvanické články, baterie a elektrické akumulátory:<br>nepoužitelné zboží, odpad a zbytky, roztříděné,<br>ale ne podle chemic",Battery scrap not elsewhere specified,#FFAAAA,#FFE6B7
854921,Cirkularita,Cirkularita (výrobní a obalová),Elektronický odpad,IN,"Elektrický a elektronický odpad a zbytky,<br>používané hlavně pro rekuperaci drahých kovů,<br>obsahující galvanické články, ba",E-waste/scrap for precious metal recovery,#FFAAAA,#FFE6B7
854929,Cirkularita,Cirkularita (výrobní a obalová),Elektronický odpad,IN,"Elektrický a elektronický odpad a zbytky,<br>používané hlavně pro rekuperaci drahých kovů<br>(kromě toho obsahujícího galvanic",Miscellaneous precious metal recovery waste/scrap,#FFAAAA,#FFE6B7
854931,Cirkularita,Cirkularita (výrobní a obalová),Elektronický odpad,IN,"Odpad a zbytky elektrických a elektronických<br>sestav a desek plošných spojů, obsahující<br>galvanické články, baterie a elek","E-waste/scrap: Assemblies & PCBs, excludes precious metal recovery, includes cells/batteries, accumulators, mercury-switches",#FFAAAA,#FFE6B7
854939,Cirkularita,Cirkularita (výrobní a obalová),Elektronický odpad,IN,Odpad a zbytky elektrických a elektronických<br>sestav a desek plošných spojů (kromě<br>toho pro rekuperaci drahých kovů nebo,"Waste/scrap: E-assemblies & PCBs, excludes precious metal recovery, contains hazardous components",#FFAAAA,#FFE6B7
854991,Cirkularita,Cirkularita (výrobní a obalová),Elektronický odpad,IN,"Elektrický a elektronický odpad a zbytky,<br>obsahující galvanické články, baterie a elektrické<br>akumulátory, rtuťové spínač",Waste and scrap; unspecified in electrical/electronic category,#FFAAAA,#FFE6B7
854999,Cirkularita,Cirkularita (výrobní a obalová),Elektronický odpad,IN,"Elektrický a elektronický odpad a zbytky<br>(kromě toho pro rekuperaci drahých kovů,<br>odpadu a zbytků elektrických a elektro",Miscellaneous waste and scrap,#FFAAAA,#FFE6B7
860110,Doprava,Železniční (osobní i nákladní),Železnice,IN,"Lokomotivy,lokotraktory,vnější zdroj proudu","Rail locomotives, externally electrically powered",#5B9EEE,#F8B9F1
860120,Doprava,Železniční (osobní i nákladní),Železnice,IN,"Lokomotivy,lokotraktory akumulátorové",Rail locomotives powered by electric accumulators,#5B9EEE,#F8B9F1
860310,Doprava,Železniční (osobní i nákladní),Železnice,IN,"Vozy motorové žel.aj kolej.dopravy,poháněná z vnějšího zdroje el. Energie","Railways cars, external electric power",#5B9EEE,#F8B9F1
860400,Doprava,Železniční (osobní i nákladní),Železnice,IN,Vozidla k údržbě tratí železnič.aj kolejových,Maintenance-of-way service vehicles,#5B9EEE,#F8B9F1
860500,Doprava,Železniční (osobní i nákladní),Železnice,IN,"Vozy osobní,poštovní ap železn.aj,bez pohonu",Railway passenger and special purpose coaches,#5B9EEE,#F8B9F1
860610,Doprava,Železniční (osobní i nákladní),Železnice,IN,"Vagóny cisternové ap,bez pohonu",Tank cars,#5B9EEE,#F8B9F1
860630,Doprava,Železniční (osobní i nákladní),Železnice,IN,"Vagóny samovýsypné,bez pohonu","Railway cars, self-discharging, nes",#5B9EEE,#F8B9F1
860691,Doprava,Železniční (osobní i nákladní),Železnice,IN,"Vagóny nákladní kryté,uzavřené,bez pohonu",Closed and covered,#5B9EEE,#F8B9F1
860692,Doprava,Železniční (osobní i nákladní),Železnice,IN,"Vagóny nákl.otevřené,bočn.nad 60cm,bez pohonu","Railway cars nes, open, with sides > 60 cm high",#5B9EEE,#F8B9F1
860699,Doprava,Železniční (osobní i nákladní),Železnice,IN,Vagóny nákladní ost.bez pohonu,Other Railway cars,#5B9EEE,#F8B9F1
860711,Doprava,Železniční (osobní i nákladní),Železnice,IN,"Podvozky hnací,Biesselovy železnič.aj vozidel",Driving bogies  & Bissel-bogies,#5B9EEE,#F8B9F1
860712,Doprava,Železniční (osobní i nákladní),Železnice,IN,"Podvozky(ne hnací),Biesselovy žel.aj vozidel",Non Driving bogies & bissel-bogies,#5B9EEE,#F8B9F1
860719,Doprava,Železniční (osobní i nákladní),Železnice,IN,"Nápravy,kola aj části,součásti žel.aj vozidel","Axles, wheels and parts",#5B9EEE,#F8B9F1
860721,Doprava,Železniční (osobní i nákladní),Železnice,IN,"Brzdy pneumatické železnič.aj vozidel,části","Air brakes, parts for railway rolling stock",#5B9EEE,#F8B9F1
860729,Doprava,Železniční (osobní i nákladní),Železnice,IN,"Brzdy(ne pneumat)železnič.aj vozidel,části","Brakes except air, parts for railway rolling stock",#5B9EEE,#F8B9F1
860730,Doprava,Železniční (osobní i nákladní),Železnice,IN,"Systémy spřáhlové,nárazníky ap žel.aj vozidel",Coupling devices,#5B9EEE,#F8B9F1
860791,Doprava,Železniční (osobní i nákladní),Železnice,IN,"Části,součásti ostatní lokomotiv,lokotraktorů",Other Railway locomotive parts,#5B9EEE,#F8B9F1
860799,Doprava,Železniční (osobní i nákladní),Železnice,IN,"Části,součásti ost.železničních aj vozidel",Other Railway rolling stock,#5B9EEE,#F8B9F1
860800,Doprava,Železniční (osobní i nákladní),Železnice,IN,"Železniční nebo tramvajové traťové příslušenství, vč. signalizační, bezpečnostní nebo dopravní zařízení pro železnice, tramvaje, silnice, vnitrozemské vodní cesty, parkoviště, přístavní zařízení nebo letiště; části výše uvedeného""","Signals etc for rail, tram, water-way, port, airfield",#5B9EEE,#F8B9F1
860900,Doprava,Železniční (osobní i nákladní),Železnice,IN,Kontejnery(vč nádržkových),Cargo containers,#5B9EEE,#F8B9F1
870122,Doprava,"Automobilová (individuální, osobní i nákladní)",Automotive,IN,"Hybridní silniční návěsové tahače, se vznětovým pístovým<br>motorem s vnitřním spalováním (dieselovým )",Hybrid diesel road tractors for semi-trailers,#5B9EEE,#49CDA5
870123,Doprava,"Automobilová (individuální, osobní i nákladní)",Automotive,IN,"Hybridní silniční návěsové tahače, se zážehovým spalovacím<br>pístovým motorem s vnitřním spalováním",Hybrid petrol road tractors for semi-trailers,#5B9EEE,#49CDA5
870124,Doprava,"Automobilová (individuální, osobní i nákladní)",Automotive,IN,Elektrické silniční návěsové tahače,Electric tractors for semi-trailers,#5B9EEE,#49CDA5
870220,Doprava,"Automobilová (individuální, osobní i nákladní)",Automotive,IN,Hybridní vozidla pro veřejnou dopravu se vznětovým pístovým<br>motorem s vnitřním spalováním (dieselovým),"Vehicles; public transport type (carries 10 or more persons, including driver), with both compression-ignition internal combustion piston engine (diesel or semi-diesel) and electric motor for propulsion, new or used",#5B9EEE,#49CDA5
870230,Doprava,"Automobilová (individuální, osobní i nákladní)",Automotive,IN,Hybridní vozidla pro veřejnou dopravu se zážehovým vratným<br>spalovacím pístovým motorem s vnitřním spalováním,"Vehicles; public transport type (carries 10 or more persons, including driver), with both spark-ignition internal combustion piston engine (diesel or semi-diesel) and electric motor for propulsion, new or used",#5B9EEE,#49CDA5
870240,Doprava,"Automobilová (individuální, osobní i nákladní)",Automotive,IN,Elektrická vozidla pro veřejnou dopravu,"Vehicles; public transport type (carries 10 or more persons, including driver), with only electric motor for propulsion, new or used",#5B9EEE,#49CDA5
870290,Doprava,"Automobilová (individuální, osobní i nákladní)",Automotive,IN,"Vozidla motor.veř.os.dopravy,ne píst.vznět.m.",Buses except diesel powered,#5B9EEE,#49CDA5
870340,Doprava,"Automobilová (individuální, osobní i nákladní)",Automotive,IN,Hybridní osobní auta se zážehovým motorem (neumožňující plug-in),Non-Plug-In Hybrid Passenger Car,#5B9EEE,#49CDA5
870350,Doprava,"Automobilová (individuální, osobní i nákladní)",Automotive,IN,Hybridní osobní auta diesel-elektrická (neumožňující plug in),Diesel or semi-diesel non chargeable Cars,#5B9EEE,#49CDA5
870360,Doprava,"Automobilová (individuální, osobní i nákladní)",Automotive,IN,Hybridní osobní auta se zážehovým motorem (plug-in),Spark-ignition chargeable Cars,#5B9EEE,#49CDA5
870370,Doprava,"Automobilová (individuální, osobní i nákladní)",Automotive,IN,Hybridní osobní auta diesel-elektrická (plug in),Diesel or semi-diesel chargeable Cars,#5B9EEE,#49CDA5
870380,Doprava,"Automobilová (individuální, osobní i nákladní)",Automotive,IN,Elektrická osobní auta (BEV),Electric motor Vehicles,#5B9EEE,#49CDA5
870441,Doprava,"Automobilová (individuální, osobní i nákladní)",Automotive,IN,"Hybridní nákladní vozidla, diesel-elektrická, nesestavená, < 5000 kg","Hybrid diesel-electric trucks, unassembled, <5,000kg GVW",#5B9EEE,#49CDA5
870442,Doprava,"Automobilová (individuální, osobní i nákladní)",Automotive,IN,"Hybridní nákladní vozidla, diesel-elektrická, 5000 - 20000kg","Hybrid diesel-electric trucks, 5,001-20,000kg GVW",#5B9EEE,#49CDA5
870443,Doprava,"Automobilová (individuální, osobní i nákladní)",Automotive,IN,"Hybridní nákladní vozidla, diesel-elektrická, >20000kg","Hybrid diesel-electric trucks, >20,000kg GVW",#5B9EEE,#49CDA5
870451,Doprava,"Automobilová (individuální, osobní i nákladní)",Automotive,IN,"Hybridní nákladní vozidla, benzín-elektrická < 5000 kg","Hybrid petrol-electric trucks, <5,000kg GVW",#5B9EEE,#49CDA5
870452,Doprava,"Automobilová (individuální, osobní i nákladní)",Automotive,IN,"Hybridní nákladní vozidla, benzín-elektrická > 5000 kg","Hybrid petrol-electric trucks, >5,000kg GVW",#5B9EEE,#49CDA5
870460,Doprava,"Automobilová (individuální, osobní i nákladní)",Automotive,IN,Elektrická nákladní vozidla,Electric trucks,#5B9EEE,#49CDA5
870911,Doprava,Ostatní elektrická doprava,Ostatní doprava elektrická,IN,Vozíky elektrické s vl.pohonem bez zaříz.zdvihacího,"Work trucks, electrically powered",#5B9EEE,#d52e2e
871160,Doprava,Cyklistika a jednostopá,Bicykly a motocykly (bez spalovacích motorů),IN,Elektrické motocykly,Electric Motorcycles,#5B9EEE,#DAC9FE
871200,Doprava,Cyklistika a jednostopá,Bicykly a motocykly (bez spalovacích motorů),IN,Kola jízdní aj bez motoru(vč dodávk.tříkolek),Bicycles,#5B9EEE,#DAC9FE
871491,Doprava,Cyklistika a jednostopá,Bicykly a motocykly (bez spalovacích motorů),IN,"Rámy,vidlice motocyklů,jízd.kol,invalid.voz.",Bicycle frames and forks and parts,#5B9EEE,#DAC9FE
871492,Doprava,Cyklistika a jednostopá,Bicykly a motocykly (bez spalovacích motorů),IN,"Ráfky,paprsky kol motocyklů,jízd.kol,inval.v.",Bicycle wheel rims and spokes,#5B9EEE,#DAC9FE
871493,Doprava,Cyklistika a jednostopá,Bicykly a motocykly (bez spalovacích motorů),IN,"Hlavy,volnoběh řetěz.motocyklů,jízd.kol,inv.v","Bicycle hubs, free-wheel sprocket wheels",#5B9EEE,#DAC9FE
871494,Doprava,Cyklistika a jednostopá,Bicykly a motocykly (bez spalovacích motorů),IN,"Brzdy vč středových motocyklů,jízd.kol,inv.v.",Bicycle brakes and parts,#5B9EEE,#DAC9FE
871495,Doprava,Cyklistika a jednostopá,Bicykly a motocykly (bez spalovacích motorů),IN,"Sedla jízdních kol,invalidních vozíků",Bicycle saddles,#5B9EEE,#DAC9FE
871496,Doprava,Cyklistika a jednostopá,Bicykly a motocykly (bez spalovacích motorů),IN,"Pedály,ústrojí pedál.motocyklů,jízd.kol,inv.v","Bicycle pedals/crank-gear, parts thereof",#5B9EEE,#DAC9FE
871499,Doprava,Cyklistika a jednostopá,Bicykly a motocykly (bez spalovacích motorů),IN,"Části ost.motocyklů,jízdních kol,invalid.voz.",Bicycle parts nes,#5B9EEE,#DAC9FE
880621,Doprava,Ostatní elektrická doprava,Drony,IN,"Bezpilotní letadla, pouze pro dálkově ovládané<br>lety, o maximální vzletové hmotnosti <=<br>250 g","Mini drones (<250g), RC Only",#5B9EEE,#89BCFF
880622,Doprava,Ostatní elektrická doprava,Drony,IN,"Bezpilotní letadla, pouze pro dálkově ovládané<br>lety, o maximální vzletové hmotnosti ><br>250 g, avšak <= 7 kg","Small drones (250g-7kg), RC Only",#5B9EEE,#89BCFF
880623,Doprava,Ostatní elektrická doprava,Drony,IN,"Bezpilotní letadla, pouze pro dálkově ovládané<br>lety, o maximální vzletové hmotnosti ><br>7 kg, avšak <= 25 kg<br>(kromě těch p","Medium-sized drones (7-25kg), RC Only",#5B9EEE,#89BCFF
880624,Doprava,Ostatní elektrická doprava,Drony,IN,"Bezpilotní letadla, pouze pro dálkově ovládané<br>lety, o maximální vzletové hmotnosti ><br>25 kg, avšak <= 150 kg<br>(kromě těch","Large drones (25-150kg), RC Only",#5B9EEE,#89BCFF
880691,Doprava,Ostatní elektrická doprava,Drony,IN,"Bezpilotní letadla, o maximální vzletové hmotnosti<br><= 250 g (kromě těch pouze<br>pro dálkově ovládané lety)",Mini UAV (<250g),#5B9EEE,#89BCFF
880692,Doprava,Ostatní elektrická doprava,Drony,IN,"Bezpilotní letadla, o maximální vzletové hmotnosti<br>> 250 g, avšak <= 7<br>kg (kromě těch pro přepravu cestujících<br>nebo těch",Small UAV (250g-7kg),#5B9EEE,#89BCFF
880693,Doprava,Ostatní elektrická doprava,Drony,IN,"Bezpilotní letadla, o maximální vzletové hmotnosti<br>> 7 kg, avšak <= 25<br>kg (kromě těch pro přepravu cestujících<br>nebo těch",Medium-sized UAV (7-25kg),#5B9EEE,#89BCFF
880694,Doprava,Ostatní elektrická doprava,Drony,IN,"Bezpilotní letadla, o maximální vzletové hmotnosti<br>> 25 kg, avšak <= 150<br>kg (kromě těch pro přepravu cestujících<br>nebo tě",Large UAV (25-150kg),#5B9EEE,#89BCFF
880699,Doprava,Ostatní elektrická doprava,Drony,IN,"Bezpilotní letadla, o maximální vzletové hmotnosti<br>> 150 kg (kromě těch pro<br>přepravu cestujících nebo těch pouze pro<br>dál",Heavy UAV (>150kg),#5B9EEE,#89BCFF
890120,Doprava,"Vodní  (individuální, osobní i nákladní)","Speciální lodě (cisterny, sací bagry, ...)",IN,Lodě cisternové,Tankers,#5B9EEE,#ADEDF6
890510,Doprava,"Vodní  (individuální, osobní i nákladní)","Speciální lodě (cisterny, sací bagry, ...)",IN,Bagry sací plovoucí,Dredgers,#5B9EEE,#ADEDF6
890520,Doprava,"Vodní  (individuální, osobní i nákladní)","Speciální lodě (cisterny, sací bagry, ...)",IN,"Plošiny vrtací,těžební,ponorné,plovoucí","Floating, submersible drilling or production platform",#5B9EEE,#ADEDF6
890590,Doprava,"Vodní  (individuální, osobní i nákladní)","Speciální lodě (cisterny, sací bagry, ...)",IN,"Plavidla ost,kde plavba pouze vedl.činností","Floating docks, special function vessels nes",#5B9EEE,#ADEDF6
890800,Cirkularita,Cirkularita (výrobní a obalová),Železný šrot,IN,"Lodě,čluny aj plavidla určená do šrotu",Vessels and other floating structures for breaking up,#FFAAAA,#B594FD
900190,Výroba nízkoemisní elektřiny a paliv,Solární,"Optická zařízení, lasery, teleskopy, dalekohledy, zrcadla",IN,"Hranoly,zrcadla aj články optické,nezasazené","Prisms, mirrors and optical elements nes, unmounted",#33D3E9,#5B9EEE
900290,Výroba nízkoemisní elektřiny a paliv,Solární,"Optická zařízení, lasery, teleskopy, dalekohledy, zrcadla",IN,"Hranoly,zrcadla aj články optické,zasazené","Mounted lenses, prisms, mirrors, optical elements nes",#33D3E9,#5B9EEE
900580,Výroba nízkoemisní elektřiny a paliv,Solární,"Optická zařízení, lasery, teleskopy, dalekohledy, zrcadla",IN,"Teleskopy opt.ost,přístroje astronomické ost.","Monoculars, telescopes, etc",#33D3E9,#5B9EEE
900590,Výroba nízkoemisní elektřiny a paliv,Solární,"Optická zařízení, lasery, teleskopy, dalekohledy, zrcadla",IN,"Části dalkohledů,teleskopů,př.astronomických","Parts and accessories for binoculars, telescopes, etc",#33D3E9,#5B9EEE
901380,Výroba nízkoemisní elektřiny a paliv,Solární,"Optická zařízení, lasery, teleskopy, dalekohledy, zrcadla",IN,"Přístroje,nástroje optické ostatní,jn","Optical devices, appliances and instruments, nes",#33D3E9,#5B9EEE
901390,Výroba nízkoemisní elektřiny a paliv,Solární,"Optická zařízení, lasery, teleskopy, dalekohledy, zrcadla",IN,"Části laserů,výrobků s krystaly tekutými ap",Parts and accessories of optical appliances nes,#33D3E9,#5B9EEE
901530,Měřící a diagnostické přístroje; Monitoring,"Měřící přístroje, surveying, chemická analýza","Měřící přístroje, surveying, chemická analýza",IN,Libely,Surveying levels,#202C3B,#B3BECB
901540,Měřící a diagnostické přístroje; Monitoring,"Měřící přístroje, surveying, chemická analýza","Měřící přístroje, surveying, chemická analýza",IN,"Nástroje,přístroje fotogrammetrické","Photogrammetrical surveying instruments, appliances",#202C3B,#B3BECB
901580,Měřící a diagnostické přístroje; Monitoring,"Měřící přístroje, surveying, chemická analýza","Měřící přístroje, surveying, chemická analýza",IN,"Přístr.geodet,topograf,meteorolog,geofyz.ost.","Surveying, etc instruments nes",#202C3B,#B3BECB
901590,Měřící a diagnostické přístroje; Monitoring,"Měřící přístroje, surveying, chemická analýza","Měřící přístroje, surveying, chemická analýza",IN,"Části přís.geodet,topograf.ap,dálkoměrů,libel",Parts and accessories for surveying etc instruments,#202C3B,#B3BECB
901600,Měřící a diagnostické přístroje; Monitoring,"Měřící přístroje, surveying, chemická analýza","Měřící přístroje, surveying, chemická analýza",IN,"Váhy o citlivosti 5cg a citliv,i<br>se závažím",Balances of a sensitivity of 50 milligram or better,#202C3B,#B3BECB
901730,Měřící a diagnostické přístroje; Monitoring,"Měřící přístroje, surveying, chemická analýza","Měřící přístroje, surveying, chemická analýza",IN,"Mikrometry,měřítka posuvná,kalibry,měrky","Micrometers, callipers and gauges",#202C3B,#B3BECB
902511,Měřící a diagnostické přístroje; Monitoring,"Měřící přístroje, surveying, chemická analýza","Měřící přístroje, surveying, chemická analýza",IN,"Teploměry,nekombinov,kapalinové,přímé čtení","Thermometers, liquid-filled",#202C3B,#B3BECB
902519,Měřící a diagnostické přístroje; Monitoring,"Měřící přístroje, surveying, chemická analýza","Měřící přístroje, surveying, chemická analýza",IN,"Teploměry,nekombinované,ostatní","Thermometers, except liquid filled",#202C3B,#B3BECB
902580,Měřící a diagnostické přístroje; Monitoring,"Měřící přístroje, surveying, chemická analýza","Měřící přístroje, surveying, chemická analýza",IN,"Hydrometry,žároměry,vlhkoměry,psychometry ap","Hydrometer, pyrometer, hygrometer, alone or combined",#202C3B,#B3BECB
902590,Měřící a diagnostické přístroje; Monitoring,"Měřící přístroje, surveying, chemická analýza","Měřící přístroje, surveying, chemická analýza",IN,"Části teploměrů,tlakoměrů,hydrometrů ap příst","Parts and accessories for thermometers, etc",#202C3B,#B3BECB
902610,Měřící a diagnostické přístroje; Monitoring,"Měřící přístroje, surveying, chemická analýza","Měřící přístroje, surveying, chemická analýza",IN,"Přístroje měření,kontroly průtoku ap kapalin",Equipment to measure or check liquid flow or level,#202C3B,#B3BECB
902620,Měřící a diagnostické přístroje; Monitoring,"Měřící přístroje, surveying, chemická analýza","Měřící přístroje, surveying, chemická analýza",IN,"Přístroje měření,kontroly tlaku kaplin,plynů",Equipment to measure or check pressure,#202C3B,#B3BECB
902680,Měřící a diagnostické přístroje; Monitoring,"Měřící přístroje, surveying, chemická analýza","Měřící přístroje, surveying, chemická analýza",IN,Přístr.ost.měření ap proměn.charak.kapalin ap,"Equipment to measure, check gas/liquid properties nes",#202C3B,#B3BECB
902690,Měřící a diagnostické přístroje; Monitoring,"Měřící přístroje, surveying, chemická analýza","Měřící přístroje, surveying, chemická analýza",IN,"Části přístrojů měření,kontroly kapalin,plynů",Parts of equipment to measure or check fluid variable,#202C3B,#B3BECB
902710,Měřící a diagnostické přístroje; Monitoring,"Měřící přístroje, surveying, chemická analýza","Měřící přístroje, surveying, chemická analýza",IN,"Analyzátory plynů,kouře",Gas/smoke analysis apparatus,#202C3B,#B3BECB
902720,Měřící a diagnostické přístroje; Monitoring,"Měřící přístroje, surveying, chemická analýza","Měřící přístroje, surveying, chemická analýza",IN,"Chromatografy,přístroje pro elektroforézu","Chromatographs, electrophoresis instruments",#202C3B,#B3BECB
902730,Měřící a diagnostické přístroje; Monitoring,"Měřící přístroje, surveying, chemická analýza","Měřící přístroje, surveying, chemická analýza",IN,"Spektrometry,-grafy ap použív.optické záření","Spectrometers, spectrophotometers, etc using light",#202C3B,#B3BECB
902750,Měřící a diagnostické přístroje; Monitoring,"Měřící přístroje, surveying, chemická analýza","Měřící přístroje, surveying, chemická analýza",IN,"Přístroje,nástroje ost.použív.optické záření",Instruments nes using optical radiations,#202C3B,#B3BECB
902781,Měřící a diagnostické přístroje; Monitoring,"Měřící přístroje, surveying, chemická analýza","Měřící přístroje, surveying, chemická analýza",IN,Hmotnostní spektrometry,"Analysis instruments: Viscosity, porosity, spectrometers",#202C3B,#B3BECB
902789,Měřící a diagnostické přístroje; Monitoring,"Měřící přístroje, surveying, chemická analýza","Měřící přístroje, surveying, chemická analýza",IN,"Přístroje a zařízení pro fyzikální nebo<br>chemické rozbory, přístroje a zařízení na<br>měření nebo kontrolu viskozity, pórovi","Analysis instruments: Viscosity, porosity, exposure meters",#202C3B,#B3BECB
902790,Měřící a diagnostické přístroje; Monitoring,"Měřící přístroje, surveying, chemická analýza","Měřící přístroje, surveying, chemická analýza",IN,"Mikrotomy,části přístrojů pro rozbory,měření","Microtomes, parts of scientific analysis equipment",#202C3B,#B3BECB
902810,Měřící a diagnostické přístroje; Monitoring,"Měřící přístroje, surveying, chemická analýza","Měřící přístroje, surveying, chemická analýza",IN,Plynoměry,Gas supply/production/calibration meters,#202C3B,#B3BECB
902820,Měřící a diagnostické přístroje; Monitoring,"Měřící přístroje, surveying, chemická analýza","Měřící přístroje, surveying, chemická analýza",IN,Měřiče kapalin,"Liquid supply, production and calibrating meters",#202C3B,#B3BECB
902830,Měřící a diagnostické přístroje; Monitoring,"Měřící přístroje, surveying, chemická analýza","Měřící přístroje, surveying, chemická analýza",IN,Elektroměry,"Electricity supply, production and calibrating meters",#202C3B,#B3BECB
902890,Měřící a diagnostické přístroje; Monitoring,"Měřící přístroje, surveying, chemická analýza","Měřící přístroje, surveying, chemická analýza",IN,"Části plynoměrů,měřičů kapalin,elektroměrů","Parts, accessories for gas, liquid, electricity meter",#202C3B,#B3BECB
903010,Měřící a diagnostické přístroje; Monitoring,Osciloskopy,Osciloskopy,IN,"Příst.k měření,zjišťování ionizujícího záření",Instruments to measure or detect ionising radiations,#202C3B,#E6F2FF
903020,Měřící a diagnostické přístroje; Monitoring,Osciloskopy,Osciloskopy,IN,"Osciloskopy,oscilografy","Cathode-ray oscilloscopes, oscillographs",#202C3B,#E6F2FF
903031,Měřící a diagnostické přístroje; Monitoring,Osciloskopy,Osciloskopy,IN,"Přístroje měřicí (napětí ap) víceúčelové,bez registr.zařízení",Electrical multimeters,#202C3B,#E6F2FF
903032,Měřící a diagnostické přístroje; Monitoring,Osciloskopy,Osciloskopy,IN,"Přístroje měřicí (napětí ap) víceúčelové,s registr.zařízením","Multimeters: for measuring or checking voltage, current, resistance or power, with a recording device",#202C3B,#E6F2FF
903033,Měřící a diagnostické přístroje; Monitoring,Osciloskopy,Osciloskopy,IN,"Přístroje měřicí (napětí ap) ost,bez registr.zařízení","Instruments and apparatus: for measuring or checking voltage, current, resistance or power, without a recording device (excluding multimeters)",#202C3B,#E6F2FF
903039,Měřící a diagnostické přístroje; Monitoring,Osciloskopy,Osciloskopy,IN,"Přístroje měřicí (napětí ap) ost,s registr.zařízením","Ammeters, voltmeters, ohm meters, etc, non-recording",#202C3B,#E6F2FF
903040,Měřící a diagnostické přístroje; Monitoring,Osciloskopy,Osciloskopy,IN,Přístroje měřicí určené pro sdělovací techniku,"Gain, /distortion and crosstalk meters, etc",#202C3B,#E6F2FF
903082,Měřící a diagnostické přístroje; Monitoring,Osciloskopy,Osciloskopy,IN,Přístroje pro měření polovodičových destiček,Semiconductor Inspection Tools,#202C3B,#E6F2FF
903084,Měřící a diagnostické přístroje; Monitoring,Osciloskopy,Osciloskopy,IN,"Přístroje měřicí (el.veličiny,záření) ost,s registr.zařízením","Instruments and apparatus: n.e.c. in heading no. 9030, with a recording device",#202C3B,#E6F2FF
903089,Měřící a diagnostické přístroje; Monitoring,Osciloskopy,Osciloskopy,IN,"Přístroje měřicí (el.veličiny,záření) ost,bez registr.zařízení",Electrical measurement instruments nes,#202C3B,#E6F2FF
903090,Měřící a diagnostické přístroje; Monitoring,Osciloskopy,Osciloskopy,IN,"Části přístrojů měřicích (el.veličiny,záření)","Parts & accessories, electrical measuring instruments",#202C3B,#E6F2FF
903120,Měřící a diagnostické přístroje; Monitoring,"Měřící přístroje, surveying, chemická analýza","Měřící přístroje, surveying, chemická analýza",IN,Zařízení zkušební,Test benches for measuring or checking equipment,#202C3B,#B3BECB
903141,Měřící a diagnostické přístroje; Monitoring,"Měřící přístroje, surveying, chemická analýza","Měřící přístroje, surveying, chemická analýza",IN,Přístroje pro kontrolu polovodičových zaříze,Optical Tools for Semiconductor & Photomask Inspection,#202C3B,#B3BECB
903149,Měřící a diagnostické přístroje; Monitoring,"Měřící přístroje, surveying, chemická analýza","Měřící přístroje, surveying, chemická analýza",IN,Ostatní přístroje pro měření a kontrolu<br>el.za,Miscellaneous Optical Measurement Tools,#202C3B,#B3BECB
903180,Měřící a diagnostické přístroje; Monitoring,"Měřící přístroje, surveying, chemická analýza","Měřící přístroje, surveying, chemická analýza",IN,"Přístroje,nástroje měřící,kontrolní ost,jn","Measuring or checking equipment, nes",#202C3B,#B3BECB
903190,Měřící a diagnostické přístroje; Monitoring,"Měřící přístroje, surveying, chemická analýza","Měřící přístroje, surveying, chemická analýza",IN,"Části přístrojů měřících,kontrolních,jn","Parts and access for measuring, checking equipment ne",#202C3B,#B3BECB
903210,Měřící a diagnostické přístroje; Monitoring,Termostaty,Termostaty,IN,Termostaty,Thermostats,#202C3B,#FFBBBB
903220,Měřící a diagnostické přístroje; Monitoring,Termostaty,Termostaty,IN,Manostaty(presostaty),Manostats,#202C3B,#FFBBBB
903281,Měřící a diagnostické přístroje; Monitoring,Termostaty,Termostaty,IN,"Přístr.autom.regulační,kontrolní,hydraul,pneu",Hydraulic and pneumatic automatic controls,#202C3B,#FFBBBB
903289,Měřící a diagnostické přístroje; Monitoring,Termostaty,Termostaty,IN,"Přístroje automatické regulační,kontrolní ost",Automatic regulating/controlling equipment nes,#202C3B,#FFBBBB
903290,Měřící a diagnostické přístroje; Monitoring,Termostaty,Termostaty,IN,"Části přístr.automat.regulačních,kontrolních",Parts and accessories for automatic controls,#202C3B,#FFBBBB
903300,Výroba nízkoemisní elektřiny a paliv,Solární,"Optická zařízení, lasery, teleskopy, dalekohledy, zrcadla",IN,"Části přístr.opt,foto,měřicích ap,lék,chir,jn",Parts/accessories nes for optical/electric instrument,#33D3E9,#5B9EEE
940511,Budovy,Snižování energetické náročnosti budov,Svícení,IN,LED Lustry a ostatní stropní nebo nástěnná<br>svítidla,LED chandeliers and wall/ceiling lights,#FEC04C,#99E9F4
940521,Budovy,Snižování energetické náročnosti budov,Svícení,IN,"Elektrická svítidla k postavení na stůl,<br>na noční stolek nebo na podlahu,<br>konstruovaná výhradně pro použití s LED<br>světel","LED table, desk, and floor lamps",#FEC04C,#99E9F4
940541,Budovy,Snižování energetické náročnosti budov,Svícení,IN,"Fotovoltaické svítidla a osvětlovací zařízení, konstruované<br>výhradně pro použití s LED světelnými<br>zdroji, jinde neuveden",LED photovoltaic light fittings,#FEC04C,#99E9F4
940542,Budovy,Snižování energetické náročnosti budov,Svícení,IN,"Svítidla a osvětlovací zařízení, konstruované výhradně<br>pro použití s LED světelnými zdroji,<br>jinde neuvedené ani nezahrnu",LED-specific light fittings,#FEC04C,#99E9F4
940561,Budovy,Snižování energetické náročnosti budov,Svícení,IN,"Světelné reklamy, světelné znaky, světelné ukazatele<br>a podobné výrobky, konstruované výhradně pro<br>použití s LED světelný",LED illuminated signs and name-plates,#FEC04C,#99E9F4
940610,"Materiálová efektivita, šetrné materiály","Materiálová efektivita, šetrné materiály","Dřevo, papír a textil - obaly, izolace",IN,"Montované stavby, ze dřeva, též nezkompletované","Buildings; prefabricated, of wood",#FF5555,#FFDDDD
271112,"Výroba surovin, komponent a zařízení pro nízkouhlíkové technologie",Výroba surovin a materiálů pro nízkouhlíkové technologie,Šetrnější alternativy - chladiva,IN,Propan zkapalněný,"Propane, liquefied",#99E9F4,#A4E6D2
271113,"Výroba surovin, komponent a zařízení pro nízkouhlíkové technologie",Výroba surovin a materiálů pro nízkouhlíkové technologie,Šetrnější alternativy - chladiva,IN,Butan zkapalněný,"Butanes, liquefied",#99E9F4,#A4E6D2
281420,"Výroba surovin, komponent a zařízení pro nízkouhlíkové technologie",Výroba surovin a materiálů pro nízkouhlíkové technologie,Šetrnější alternativy - chladiva,IN,Amoniak(čpavek)ve vodném roztoku,Ammonia in aqueous solution,#99E9F4,#A4E6D2
880629,Doprava,Ostatní elektrická doprava,Drony,IN,"Bezpilotní letadla, pouze pro dálkově ovládané<br>lety, o maximální vzletové hmotnosti ><br>150 kg (kromě těch pro přepravu<br>ce","Heavy drones (>150kg), RC Only",#5B9EEE,#89BCFF
